{"stats":{"minecraft:crafted":{"minecraft:oak_planks":824,"minecraft:stone_shovel":3,"minecraft:oak_sign":3,"minecraft:pink_bed":1,"minecraft:cooked_chicken":5,"minecraft:furnace":1,"minecraft:bone_meal":6,"minecraft:pink_dye":7,"minecraft:glass":379,"minecraft:stone_pickaxe":11,"minecraft:iron_door":3,"minecraft:chest":2,"minecraft:stone_hoe":1,"minecraft:oak_fence":66,"minecraft:pink_stained_glass":32,"minecraft:cooked_beef":2,"minecraft:crafting_table":12,"minecraft:birch_planks":48,"minecraft:bucket":1,"minecraft:stone_axe":7,"minecraft:oak_fence_gate":8,"minecraft:white_dye":2,"minecraft:stick":168,"minecraft:iron_ingot":27,"minecraft:oak_stairs":56,"minecraft:stone_sword":2,"minecraft:torch":216},"minecraft:mined":{"minecraft:oak_sapling":1,"minecraft:large_amethyst_bud":2,"minecraft:tuff":19,"minecraft:white_bed":1,"minecraft:glow_lichen":1,"minecraft:budding_amethyst":2,"minecraft:allium":1,"minecraft:grass_block":89,"minecraft:hay_block":3,"minecraft:redstone_ore":2,"minecraft:carrots":13,"minecraft:iron_ore":42,"minecraft:cobbled_deepslate":1,"minecraft:andesite":1,"minecraft:pumpkin":29,"minecraft:azure_bluet":1,"minecraft:peony":1,"minecraft:gold_block":1,"minecraft:bell":1,"minecraft:potatoes":1,"minecraft:red_tulip":44,"minecraft:oak_sign":4,"minecraft:deepslate_iron_ore":24,"minecraft:dirt_path":47,"minecraft:oak_stairs":6,"minecraft:small_amethyst_bud":1,"minecraft:pink_tulip":30,"minecraft:stone":581,"minecraft:white_tulip":16,"minecraft:white_wool":2,"minecraft:smithing_table":2,"minecraft:deepslate_redstone_ore":36,"minecraft:lily_of_the_valley":1,"minecraft:medium_amethyst_bud":3,"minecraft:amethyst_cluster":4,"minecraft:oak_fence":19,"minecraft:clay":2,"minecraft:crafting_table":4,"minecraft:cornflower":1,"minecraft:torch":22,"minecraft:short_grass":75,"minecraft:calcite":127,"minecraft:poppy":2,"minecraft:glass":6,"minecraft:tall_grass":34,"minecraft:cobblestone":40,"minecraft:deepslate_gold_ore":33,"minecraft:sugar_cane":4,"minecraft:oak_planks":160,"minecraft:diorite":42,"minecraft:wall_torch":19,"minecraft:amethyst_block":59,"minecraft:seagrass":5,"minecraft:birch_log":24,"minecraft:wheat":58,"minecraft:birch_leaves":21,"minecraft:orange_tulip":28,"minecraft:yellow_bed":1,"minecraft:coal_ore":375,"minecraft:oak_log":286,"minecraft:oak_fence_gate":2,"minecraft:gravel":24,"minecraft:sand":258,"minecraft:dirt":58,"minecraft:cobweb":6,"minecraft:smooth_basalt":3,"minecraft:stonecutter":1,"minecraft:oak_leaves":228,"minecraft:deepslate":139},"minecraft:custom":{"minecraft:interact_with_smithing_table":1,"minecraft:mob_kills":51,"minecraft:animals_bred":11,"minecraft:interact_with_crafting_table":80,"minecraft:bell_ring":78,"minecraft:leave_game":25,"minecraft:time_since_death":183923,"minecraft:sprint_one_cm":817530,"minecraft:walk_one_cm":1887083,"minecraft:drop":299,"minecraft:talked_to_villager":4,"minecraft:play_time":798156,"minecraft:deaths":2,"minecraft:sneak_time":50220,"minecraft:walk_under_water_one_cm":63285,"minecraft:boat_one_cm":166226,"minecraft:jump":4417,"minecraft:walk_on_water_one_cm":73022,"minecraft:total_world_time":798156,"minecraft:interact_with_furnace":117,"minecraft:sleep_in_bed":46,"minecraft:time_since_rest":9293,"minecraft:damage_taken":4549,"minecraft:damage_dealt":9836,"minecraft:swim_one_cm":25577,"minecraft:fly_one_cm":178113,"minecraft:player_kills":6,"minecraft:open_chest":70,"minecraft:crouch_one_cm":59404,"minecraft:fall_one_cm":91751,"minecraft:horse_one_cm":641},"minecraft:used":{"minecraft:oak_fence":91,"minecraft:stone_sword":216,"minecraft:white_tulip":10,"minecraft:stone_shovel":352,"minecraft:oak_sign":2,"minecraft:chest":2,"minecraft:cooked_chicken":2,"minecraft:stone_hoe":71,"minecraft:torch":327,"minecraft:dirt":121,"minecraft:carrot":8,"minecraft:tuff":5,"minecraft:oak_fence_gate":9,"minecraft:glass":269,"minecraft:red_tulip":25,"minecraft:iron_axe":367,"minecraft:oak_stairs":56,"minecraft:birch_sapling":3,"minecraft:furnace":1,"minecraft:oak_sapling":35,"minecraft:cooked_beef":10,"minecraft:potato":1,"minecraft:cobbled_deepslate":87,"minecraft:calcite":170,"minecraft:wheat_seeds":100,"minecraft:cooked_mutton":3,"minecraft:water_bucket":7,"minecraft:diorite":3,"minecraft:amethyst_block":47,"minecraft:pink_tulip":5,"minecraft:stone_pickaxe":1127,"minecraft:oak_planks":618,"minecraft:orange_tulip":22,"minecraft:wooden_pickaxe":46,"minecraft:white_wool":2,"minecraft:mossy_cobblestone":6,"minecraft:sand":9,"minecraft:crafting_table":14,"minecraft:white_bed":1,"minecraft:bread":53,"minecraft:brown_wool":1,"minecraft:iron_pickaxe":478,"minecraft:iron_door":3,"minecraft:gravel":1,"minecraft:stone_axe":498,"minecraft:pink_bed":1,"minecraft:cobblestone":217,"minecraft:cooked_porkchop":17,"minecraft:bucket":8,"minecraft:pink_stained_glass":29,"minecraft:dandelion":1},"minecraft:broken":{"minecraft:stone_sword":2,"minecraft:stone_hoe":1,"minecraft:stone_pickaxe":8,"minecraft:wooden_pickaxe":1,"minecraft:iron_axe":2,"minecraft:stone_axe":4,"minecraft:iron_pickaxe":1,"minecraft:stone_shovel":2},"minecraft:dropped":{"minecraft:bread":66,"minecraft:iron_sword":1,"minecraft:birch_planks":2,"minecraft:wheat_seeds":8,"minecraft:ominous_bottle":1,"minecraft:lapis_lazuli":64,"minecraft:oak_log":10,"minecraft:golden_horse_armor":1,"minecraft:crafting_table":7,"minecraft:cooked_porkchop":34,"minecraft:feather":19,"minecraft:crossbow":1,"minecraft:cobblestone":271,"minecraft:apple":1,"minecraft:amethyst_block":91,"minecraft:granite":32,"minecraft:coal":128,"minecraft:flint":1,"minecraft:stick":65,"minecraft:dirt":36,"minecraft:cornflower":1,"minecraft:mutton":5,"minecraft:amethyst_shard":18,"minecraft:polished_andesite_stairs":2,"minecraft:pumpkin":10,"minecraft:sand":35,"minecraft:iron_pickaxe":3,"minecraft:string":10,"minecraft:birch_log":12,"minecraft:smooth_basalt":6,"minecraft:bone":10,"minecraft:oak_door":6,"minecraft:dandelion":4,"minecraft:redstone":48,"minecraft:gravel":22,"minecraft:stone_axe":1,"minecraft:sugar_cane":17,"minecraft:cooked_chicken":5,"minecraft:cobbled_deepslate":59,"minecraft:raw_copper":31,"minecraft:tuff":20,"minecraft:stone_shovel":2,"minecraft:raw_iron":74,"minecraft:chicken":1,"minecraft:rotten_flesh":12,"minecraft:oak_planks":72,"minecraft:iron_boots":1,"minecraft:cooked_mutton":9,"minecraft:name_tag":1,"minecraft:azure_bluet":1,"minecraft:white_bed":3,"minecraft:carrot":57,"minecraft:oak_sign":1,"minecraft:pumpkin_seeds":6,"minecraft:poppy":1,"minecraft:hay_block":3,"minecraft:gunpowder":8,"minecraft:peony":3,"minecraft:iron_chestplate":1,"minecraft:andesite":16,"minecraft:oak_boat":1,"minecraft:oak_sapling":3,"minecraft:glass":1,"minecraft:raw_gold":26,"minecraft:red_tulip":19},"minecraft:killed_by":{"minecraft:zombie":1},"minecraft:picked_up":{"minecraft:crafting_table":6,"minecraft:iron_chestplate":4,"minecraft:wheat":53,"minecraft:azure_bluet":1,"minecraft:ominous_bottle":1,"minecraft:chicken":8,"minecraft:smithing_table":2,"minecraft:wooden_pickaxe":1,"minecraft:oak_stairs":22,"minecraft:amethyst_block":142,"minecraft:cornflower":1,"minecraft:string":16,"minecraft:raw_copper":46,"minecraft:iron_axe":4,"minecraft:iron_leggings":3,"minecraft:oak_sign":2,"minecraft:diamond_leggings":2,"minecraft:cobbled_deepslate":188,"minecraft:beef":2,"minecraft:white_tulip":20,"minecraft:oak_boat":1,"minecraft:calcite":128,"minecraft:poppy":3,"minecraft:iron_pickaxe":8,"minecraft:sugar_cane":17,"minecraft:birch_sapling":3,"minecraft:iron_boots":3,"minecraft:egg":3,"minecraft:stick":106,"minecraft:raw_iron":99,"minecraft:oak_door":7,"minecraft:oak_fence":34,"minecraft:torch":274,"minecraft:white_dye":2,"minecraft:diorite":44,"minecraft:carrot":171,"minecraft:redstone":200,"minecraft:stone_shovel":1,"minecraft:rotten_flesh":15,"minecraft:diamond_chestplate":2,"minecraft:arrow":4,"minecraft:stone_sword":1,"minecraft:peony":4,"minecraft:diamond_boots":2,"minecraft:hay_block":3,"minecraft:red_tulip":44,"minecraft:pink_tulip":37,"minecraft:mutton":17,"minecraft:white_wool":49,"minecraft:cobblestone":748,"minecraft:oxeye_daisy":2,"minecraft:birch_log":24,"minecraft:feather":22,"minecraft:cooked_beef":8,"minecraft:salmon":8,"minecraft:andesite":17,"minecraft:leather":3,"minecraft:brown_wool":1,"minecraft:potato":3,"minecraft:birch_planks":2,"minecraft:flint":2,"minecraft:tuff":31,"minecraft:oak_log":317,"minecraft:yellow_bed":1,"minecraft:lapis_lazuli":64,"minecraft:dirt":194,"minecraft:name_tag":2,"minecraft:cooked_mutton":12,"minecraft:glass":22,"minecraft:bone":14,"minecraft:apple":2,"minecraft:stonecutter":1,"minecraft:orange_tulip":23,"minecraft:wheat_seeds":164,"minecraft:raw_gold":33,"minecraft:bell":1,"minecraft:stone_pickaxe":1,"minecraft:oak_fence_gate":2,"minecraft:cooked_chicken":4,"minecraft:diamond_helmet":2,"minecraft:oak_planks":262,"minecraft:iron_sword":1,"minecraft:polished_andesite_stairs":2,"minecraft:oak_slab":12,"minecraft:smooth_basalt":6,"minecraft:cooked_porkchop":74,"minecraft:pumpkin":28,"minecraft:dandelion":5,"minecraft:gravel":27,"minecraft:sand":499,"minecraft:amethyst_shard":36,"minecraft:white_bed":4,"minecraft:mossy_cobblestone":6,"minecraft:pumpkin_seeds":3,"minecraft:diamond":9,"minecraft:stone_axe":2,"minecraft:iron_helmet":3,"minecraft:crossbow":1,"minecraft:granite":32,"minecraft:bread":126,"minecraft:baked_potato":1,"minecraft:oak_sapling":38,"minecraft:coal":375},"minecraft:killed":{"minecraft:horse":2,"minecraft:chicken":8,"minecraft:salmon":8,"minecraft:sheep":15,"minecraft:pillager":1,"minecraft:zombie":10,"minecraft:cow":1}},"DataVersion":3953}