{"stats":{"minecraft:killed":{"minecraft:horse":2,"minecraft:chicken":5,"minecraft:salmon":1,"minecraft:sheep":14,"minecraft:pillager":1,"minecraft:zombie":8,"minecraft:cow":1},"minecraft:custom":{"minecraft:interact_with_smithing_table":1,"minecraft:mob_kills":38,"minecraft:animals_bred":4,"minecraft:interact_with_crafting_table":58,"minecraft:bell_ring":78,"minecraft:leave_game":20,"minecraft:time_since_death":8773,"minecraft:sprint_one_cm":460958,"minecraft:walk_one_cm":1365702,"minecraft:drop":290,"minecraft:talked_to_villager":1,"minecraft:play_time":623006,"minecraft:deaths":2,"minecraft:sneak_time":47567,"minecraft:walk_under_water_one_cm":41286,"minecraft:boat_one_cm":166226,"minecraft:jump":3489,"minecraft:walk_on_water_one_cm":47833,"minecraft:total_world_time":623006,"minecraft:interact_with_furnace":107,"minecraft:sleep_in_bed":32,"minecraft:time_since_rest":4829,"minecraft:damage_taken":3770,"minecraft:damage_dealt":7539,"minecraft:swim_one_cm":2619,"minecraft:fly_one_cm":108609,"minecraft:player_kills":6,"minecraft:open_chest":43,"minecraft:crouch_one_cm":56726,"minecraft:fall_one_cm":71054,"minecraft:horse_one_cm":641},"minecraft:mined":{"minecraft:large_amethyst_bud":2,"minecraft:tuff":19,"minecraft:white_bed":1,"minecraft:glow_lichen":1,"minecraft:budding_amethyst":2,"minecraft:allium":1,"minecraft:grass_block":63,"minecraft:hay_block":3,"minecraft:redstone_ore":2,"minecraft:carrots":5,"minecraft:iron_ore":42,"minecraft:cobbled_deepslate":1,"minecraft:andesite":1,"minecraft:pumpkin":29,"minecraft:azure_bluet":1,"minecraft:peony":1,"minecraft:gold_block":1,"minecraft:bell":1,"minecraft:potatoes":1,"minecraft:red_tulip":15,"minecraft:oak_sign":4,"minecraft:deepslate_iron_ore":24,"minecraft:dirt_path":46,"minecraft:oak_stairs":6,"minecraft:small_amethyst_bud":1,"minecraft:pink_tulip":30,"minecraft:stone":576,"minecraft:white_tulip":16,"minecraft:white_wool":2,"minecraft:smithing_table":2,"minecraft:deepslate_redstone_ore":36,"minecraft:lily_of_the_valley":1,"minecraft:medium_amethyst_bud":3,"minecraft:amethyst_cluster":4,"minecraft:clay":2,"minecraft:crafting_table":4,"minecraft:cornflower":1,"minecraft:torch":22,"minecraft:short_grass":63,"minecraft:calcite":127,"minecraft:poppy":2,"minecraft:glass":6,"minecraft:tall_grass":24,"minecraft:cobblestone":40,"minecraft:deepslate_gold_ore":33,"minecraft:sugar_cane":4,"minecraft:oak_planks":160,"minecraft:diorite":42,"minecraft:wall_torch":19,"minecraft:amethyst_block":59,"minecraft:seagrass":5,"minecraft:birch_log":12,"minecraft:wheat":13,"minecraft:birch_leaves":11,"minecraft:orange_tulip":27,"minecraft:yellow_bed":1,"minecraft:coal_ore":351,"minecraft:oak_log":199,"minecraft:gravel":24,"minecraft:sand":258,"minecraft:dirt":44,"minecraft:cobweb":6,"minecraft:smooth_basalt":3,"minecraft:stonecutter":1,"minecraft:oak_leaves":142,"minecraft:deepslate":139},"minecraft:broken":{"minecraft:stone_sword":1,"minecraft:stone_pickaxe":7,"minecraft:wooden_pickaxe":1,"minecraft:iron_axe":2,"minecraft:stone_axe":3,"minecraft:iron_pickaxe":1,"minecraft:stone_shovel":1},"minecraft:crafted":{"minecraft:oak_planks":748,"minecraft:stone_shovel":2,"minecraft:oak_sign":3,"minecraft:pink_bed":1,"minecraft:cooked_chicken":4,"minecraft:furnace":1,"minecraft:bone_meal":6,"minecraft:pink_dye":7,"minecraft:glass":358,"minecraft:stone_pickaxe":10,"minecraft:chest":2,"minecraft:iron_door":3,"minecraft:pink_stained_glass":32,"minecraft:cooked_beef":2,"minecraft:crafting_table":10,"minecraft:birch_planks":48,"minecraft:stone_axe":4,"minecraft:white_dye":2,"minecraft:stick":112,"minecraft:iron_ingot":20,"minecraft:oak_stairs":56,"minecraft:stone_sword":2,"minecraft:torch":216},"minecraft:killed_by":{"minecraft:zombie":1},"minecraft:used":{"minecraft:stone_sword":99,"minecraft:white_tulip":10,"minecraft:stone_shovel":262,"minecraft:oak_sign":2,"minecraft:chest":2,"minecraft:torch":297,"minecraft:dirt":86,"minecraft:tuff":5,"minecraft:glass":269,"minecraft:red_tulip":1,"minecraft:iron_axe":367,"minecraft:oak_stairs":56,"minecraft:birch_sapling":1,"minecraft:oak_sapling":19,"minecraft:furnace":1,"minecraft:cooked_beef":10,"minecraft:cobbled_deepslate":87,"minecraft:calcite":170,"minecraft:wheat_seeds":15,"minecraft:cooked_mutton":3,"minecraft:diorite":3,"minecraft:amethyst_block":47,"minecraft:pink_tulip":5,"minecraft:stone_pickaxe":1045,"minecraft:oak_planks":617,"minecraft:orange_tulip":22,"minecraft:wooden_pickaxe":46,"minecraft:white_wool":2,"minecraft:sand":9,"minecraft:crafting_table":13,"minecraft:white_bed":1,"minecraft:bread":28,"minecraft:brown_wool":1,"minecraft:iron_pickaxe":478,"minecraft:iron_door":3,"minecraft:gravel":1,"minecraft:stone_axe":322,"minecraft:pink_bed":1,"minecraft:cobblestone":217,"minecraft:cooked_porkchop":17,"minecraft:pink_stained_glass":29,"minecraft:dandelion":1},"minecraft:dropped":{"minecraft:bread":64,"minecraft:iron_sword":1,"minecraft:birch_planks":2,"minecraft:wheat_seeds":8,"minecraft:ominous_bottle":1,"minecraft:lapis_lazuli":64,"minecraft:oak_log":10,"minecraft:golden_horse_armor":1,"minecraft:crafting_table":6,"minecraft:cooked_porkchop":34,"minecraft:crossbow":1,"minecraft:feather":19,"minecraft:cobblestone":271,"minecraft:apple":1,"minecraft:amethyst_block":91,"minecraft:granite":32,"minecraft:coal":128,"minecraft:flint":1,"minecraft:stick":65,"minecraft:dirt":36,"minecraft:cornflower":1,"minecraft:mutton":5,"minecraft:polished_andesite_stairs":2,"minecraft:pumpkin":10,"minecraft:sand":35,"minecraft:iron_pickaxe":3,"minecraft:string":10,"minecraft:smooth_basalt":6,"minecraft:bone":10,"minecraft:oak_door":6,"minecraft:dandelion":4,"minecraft:redstone":48,"minecraft:gravel":22,"minecraft:stone_axe":1,"minecraft:sugar_cane":17,"minecraft:cooked_chicken":5,"minecraft:cobbled_deepslate":59,"minecraft:raw_copper":31,"minecraft:tuff":20,"minecraft:stone_shovel":2,"minecraft:raw_iron":74,"minecraft:chicken":1,"minecraft:rotten_flesh":10,"minecraft:oak_planks":72,"minecraft:iron_boots":1,"minecraft:name_tag":1,"minecraft:cooked_mutton":9,"minecraft:azure_bluet":1,"minecraft:white_bed":3,"minecraft:oak_sign":1,"minecraft:pumpkin_seeds":6,"minecraft:poppy":1,"minecraft:hay_block":3,"minecraft:gunpowder":8,"minecraft:peony":3,"minecraft:iron_chestplate":1,"minecraft:andesite":16,"minecraft:oak_boat":1,"minecraft:oak_sapling":3,"minecraft:glass":1,"minecraft:raw_gold":26,"minecraft:red_tulip":11},"minecraft:picked_up":{"minecraft:crafting_table":5,"minecraft:iron_chestplate":4,"minecraft:wheat":10,"minecraft:azure_bluet":1,"minecraft:ominous_bottle":1,"minecraft:chicken":5,"minecraft:smithing_table":2,"minecraft:wooden_pickaxe":1,"minecraft:oak_stairs":22,"minecraft:amethyst_block":142,"minecraft:cornflower":1,"minecraft:string":16,"minecraft:raw_copper":31,"minecraft:iron_axe":4,"minecraft:iron_leggings":3,"minecraft:oak_sign":2,"minecraft:diamond_leggings":2,"minecraft:cobbled_deepslate":188,"minecraft:beef":2,"minecraft:white_tulip":20,"minecraft:oak_boat":1,"minecraft:calcite":128,"minecraft:poppy":3,"minecraft:iron_pickaxe":8,"minecraft:sugar_cane":17,"minecraft:birch_sapling":1,"minecraft:iron_boots":3,"minecraft:egg":1,"minecraft:stick":92,"minecraft:raw_iron":99,"minecraft:oak_door":6,"minecraft:torch":270,"minecraft:white_dye":2,"minecraft:diorite":44,"minecraft:carrot":14,"minecraft:redstone":200,"minecraft:stone_sword":1,"minecraft:stone_shovel":1,"minecraft:rotten_flesh":13,"minecraft:diamond_chestplate":2,"minecraft:peony":4,"minecraft:diamond_boots":2,"minecraft:hay_block":3,"minecraft:red_tulip":15,"minecraft:pink_tulip":37,"minecraft:mutton":16,"minecraft:white_wool":17,"minecraft:cobblestone":743,"minecraft:oxeye_daisy":2,"minecraft:birch_log":12,"minecraft:feather":19,"minecraft:cooked_beef":8,"minecraft:andesite":17,"minecraft:leather":3,"minecraft:brown_wool":1,"minecraft:potato":3,"minecraft:birch_planks":2,"minecraft:flint":2,"minecraft:tuff":31,"minecraft:oak_log":230,"minecraft:yellow_bed":1,"minecraft:lapis_lazuli":64,"minecraft:dirt":156,"minecraft:name_tag":2,"minecraft:cooked_mutton":12,"minecraft:glass":22,"minecraft:bone":12,"minecraft:apple":1,"minecraft:stonecutter":1,"minecraft:orange_tulip":23,"minecraft:wheat_seeds":34,"minecraft:raw_gold":33,"minecraft:bell":1,"minecraft:stone_pickaxe":1,"minecraft:cooked_chicken":4,"minecraft:diamond_helmet":2,"minecraft:oak_planks":261,"minecraft:iron_sword":1,"minecraft:polished_andesite_stairs":2,"minecraft:smooth_basalt":6,"minecraft:cooked_porkchop":74,"minecraft:pumpkin":28,"minecraft:dandelion":5,"minecraft:gravel":27,"minecraft:sand":499,"minecraft:amethyst_shard":36,"minecraft:white_bed":4,"minecraft:pumpkin_seeds":3,"minecraft:diamond":9,"minecraft:stone_axe":2,"minecraft:iron_helmet":3,"minecraft:crossbow":1,"minecraft:granite":32,"minecraft:bread":126,"minecraft:oak_sapling":22,"minecraft:coal":351}},"DataVersion":3953}