{"stats":{"minecraft:mined":{"minecraft:deepslate_redstone_ore":7,"minecraft:crafting_table":1,"minecraft:glow_lichen":1,"minecraft:short_grass":1,"minecraft:cobblestone":28,"minecraft:deepslate_gold_ore":8,"minecraft:oak_planks":1,"minecraft:diorite":41,"minecraft:wall_torch":3,"minecraft:redstone_ore":2,"minecraft:birch_log":5,"minecraft:iron_ore":22,"minecraft:andesite":1,"minecraft:birch_leaves":4,"minecraft:coal_ore":97,"minecraft:oak_log":30,"minecraft:oak_sign":4,"minecraft:deepslate_iron_ore":4,"minecraft:dirt":5,"minecraft:gravel":13,"minecraft:sand":48,"minecraft:stone":501,"minecraft:oak_leaves":31,"minecraft:deepslate":40},"minecraft:crafted":{"minecraft:oak_planks":36,"minecraft:oak_sign":3,"minecraft:crafting_table":5,"minecraft:birch_planks":20,"minecraft:stone_axe":2,"minecraft:stick":44,"minecraft:stone_pickaxe":7,"minecraft:chest":1,"minecraft:torch":108},"minecraft:used":{"minecraft:diorite":2,"minecraft:stone_pickaxe":650,"minecraft:oak_planks":1,"minecraft:oak_sign":2,"minecraft:chest":1,"minecraft:wooden_pickaxe":46,"minecraft:torch":115,"minecraft:dirt":7,"minecraft:crafting_table":5,"minecraft:iron_pickaxe":81,"minecraft:stone_axe":128,"minecraft:cobblestone":89,"minecraft:cooked_porkchop":8},"minecraft:picked_up":{"minecraft:birch_log":5,"minecraft:iron_chestplate":2,"minecraft:crafting_table":1,"minecraft:feather":6,"minecraft:andesite":1,"minecraft:wooden_pickaxe":1,"minecraft:flint":2,"minecraft:oak_log":32,"minecraft:dirt":42,"minecraft:iron_leggings":2,"minecraft:oak_sign":2,"minecraft:apple":1,"minecraft:wheat_seeds":2,"minecraft:cobbled_deepslate":39,"minecraft:raw_gold":8,"minecraft:stone_pickaxe":1,"minecraft:cooked_chicken":4,"minecraft:oak_boat":1,"minecraft:iron_pickaxe":4,"minecraft:sugar_cane":11,"minecraft:oak_planks":16,"minecraft:iron_boots":3,"minecraft:egg":1,"minecraft:polished_andesite_stairs":1,"minecraft:stick":25,"minecraft:raw_iron":29,"minecraft:cooked_porkchop":67,"minecraft:oak_door":3,"minecraft:torch":37,"minecraft:gravel":11,"minecraft:sand":48,"minecraft:diorite":43,"minecraft:redstone":74,"minecraft:rotten_flesh":5,"minecraft:diamond":9,"minecraft:stone_axe":1,"minecraft:peony":3,"minecraft:iron_helmet":2,"minecraft:granite":31,"minecraft:oak_sapling":2,"minecraft:coal":97,"minecraft:cobblestone":531},"minecraft:killed":{"minecraft:zombie":3},"minecraft:custom":{"minecraft:interact_with_furnace":1,"minecraft:mob_kills":3,"minecraft:interact_with_crafting_table":15,"minecraft:leave_game":3,"minecraft:time_since_death":12163,"minecraft:sleep_in_bed":3,"minecraft:time_since_rest":6789,"minecraft:sprint_one_cm":35337,"minecraft:damage_taken":912,"minecraft:walk_one_cm":181763,"minecraft:drop":79,"minecraft:damage_dealt":1910,"minecraft:swim_one_cm":93,"minecraft:fly_one_cm":4339,"minecraft:player_kills":3,"minecraft:open_chest":9,"minecraft:crouch_one_cm":1354,"minecraft:play_time":132875,"minecraft:deaths":1,"minecraft:sneak_time":2476,"minecraft:walk_under_water_one_cm":2115,"minecraft:boat_one_cm":10069,"minecraft:jump":353,"minecraft:walk_on_water_one_cm":4938,"minecraft:total_world_time":132875,"minecraft:fall_one_cm":6669},"minecraft:broken":{"minecraft:stone_pickaxe":4,"minecraft:stone_axe":1,"minecraft:wooden_pickaxe":1},"minecraft:dropped":{"minecraft:oak_door":3,"minecraft:gravel":11,"minecraft:sugar_cane":11,"minecraft:wheat_seeds":2,"minecraft:cooked_chicken":2,"minecraft:crafting_table":1,"minecraft:cooked_porkchop":28,"minecraft:raw_iron":24,"minecraft:rotten_flesh":4,"minecraft:feather":6,"minecraft:cobblestone":213,"minecraft:oak_planks":15,"minecraft:apple":1,"minecraft:granite":31,"minecraft:oak_sign":1,"minecraft:coal":13,"minecraft:stick":15,"minecraft:flint":1,"minecraft:dirt":35,"minecraft:peony":1,"minecraft:oak_boat":1,"minecraft:oak_sapling":2,"minecraft:polished_andesite_stairs":1,"minecraft:raw_gold":8,"minecraft:iron_pickaxe":2,"minecraft:redstone":42}},"DataVersion":3953}