{"stats":{"minecraft:crafted":{"minecraft:cherry_planks":4,"minecraft:oak_planks":44,"minecraft:crafting_table":3,"minecraft:iron_helmet":1,"minecraft:wooden_pickaxe":1,"minecraft:baked_potato":27,"minecraft:iron_sword":1,"minecraft:furnace":1,"minecraft:bucket":1,"minecraft:birch_planks":44,"minecraft:stone_axe":1,"minecraft:iron_boots":1,"minecraft:iron_chestplate":1,"minecraft:shield":1,"minecraft:stick":72,"minecraft:iron_ingot":33,"minecraft:stone_pickaxe":2,"minecraft:stone_sword":1,"minecraft:iron_leggings":1,"minecraft:torch":20},"minecraft:picked_up":{"minecraft:birch_log":11,"minecraft:crafting_table":3,"minecraft:feather":6,"minecraft:chicken":3,"minecraft:water_bucket":2,"minecraft:andesite":2,"minecraft:yellow_wool":6,"minecraft:wooden_pickaxe":1,"minecraft:birch_planks":43,"minecraft:oak_log":12,"minecraft:shield":3,"minecraft:dirt":1,"minecraft:wheat_seeds":15,"minecraft:orange_tulip":1,"minecraft:iron_ingot":8,"minecraft:stone_pickaxe":3,"minecraft:oak_planks":30,"minecraft:furnace":3,"minecraft:raw_iron":41,"minecraft:stick":58,"minecraft:torch":4,"minecraft:cherry_log":1,"minecraft:diorite":6,"minecraft:stone_sword":3,"minecraft:arrow":4,"minecraft:stone_axe":2,"minecraft:baked_potato":36,"minecraft:coal":21,"minecraft:cobblestone":66},"minecraft:mined":{"minecraft:crafting_table":1,"minecraft:torch":2,"minecraft:short_grass":25,"minecraft:grass_block":1,"minecraft:poppy":1,"minecraft:tall_grass":4,"minecraft:furnace":1,"minecraft:birch_log":11,"minecraft:iron_ore":41,"minecraft:andesite":2,"minecraft:birch_leaves":1,"minecraft:orange_tulip":1,"minecraft:bee_nest":1,"minecraft:oak_log":12,"minecraft:red_tulip":1,"minecraft:coal_ore":19,"minecraft:stone":33,"minecraft:oak_leaves":5},"minecraft:killed":{"minecraft:spider":1,"minecraft:skeleton":1,"minecraft:zombie":3,"minecraft:bee":3,"minecraft:chicken":2},"minecraft:custom":{"minecraft:interact_with_furnace":25,"minecraft:mob_kills":12,"minecraft:interact_with_crafting_table":19,"minecraft:leave_game":3,"minecraft:time_since_death":8894,"minecraft:sleep_in_bed":1,"minecraft:time_since_rest":8949,"minecraft:sprint_one_cm":134438,"minecraft:damage_taken":2554,"minecraft:walk_one_cm":69708,"minecraft:damage_blocked_by_shield":852,"minecraft:damage_dealt":2425,"minecraft:fly_one_cm":187345,"minecraft:open_chest":21,"minecraft:crouch_one_cm":20645,"minecraft:play_time":41510,"minecraft:deaths":8,"minecraft:sneak_time":5937,"minecraft:jump":1141,"minecraft:walk_on_water_one_cm":705,"minecraft:total_world_time":41510,"minecraft:fall_one_cm":32443},"minecraft:killed_by":{"minecraft:player":6,"minecraft:spider":1,"minecraft:zombie":1},"minecraft:used":{"minecraft:water_bucket":4,"minecraft:diorite":3,"minecraft:stone_sword":139,"minecraft:stone_pickaxe":112,"minecraft:baked_potato":13,"minecraft:oak_planks":2,"minecraft:wooden_pickaxe":6,"minecraft:shield":27,"minecraft:cherry_planks":4,"minecraft:iron_chestplate":1,"minecraft:torch":23,"minecraft:dirt":1,"minecraft:mutton":1,"minecraft:crafting_table":4,"minecraft:iron_boots":1,"minecraft:stone_axe":44,"minecraft:cobblestone":14,"minecraft:furnace":2,"minecraft:bucket":5},"minecraft:broken":{"minecraft:stone_sword":1}},"DataVersion":3953}