{"stats":{"minecraft:killed":{"minecraft:chicken":8,"minecraft:salmon":8,"minecraft:sheep":15,"minecraft:pillager":1,"minecraft:zombie":11,"minecraft:cow":1,"minecraft:horse":2},"minecraft:custom":{"minecraft:animals_bred":20,"minecraft:interact_with_crafting_table":91,"minecraft:bell_ring":78,"minecraft:leave_game":33,"minecraft:time_since_death":302739,"minecraft:sprint_one_cm":884607,"minecraft:drop":359,"minecraft:talked_to_villager":4,"minecraft:play_time":916972,"minecraft:deaths":2,"minecraft:jump":4787,"minecraft:walk_on_water_one_cm":76368,"minecraft:interact_with_furnace":117,"minecraft:sleep_in_bed":57,"minecraft:damage_dealt":11995,"minecraft:player_kills":13,"minecraft:crouch_one_cm":72918,"minecraft:horse_one_cm":641,"minecraft:interact_with_smithing_table":1,"minecraft:mob_kills":52,"minecraft:walk_one_cm":2125113,"minecraft:sneak_time":62275,"minecraft:walk_under_water_one_cm":67132,"minecraft:boat_one_cm":166226,"minecraft:total_world_time":916972,"minecraft:time_since_rest":3004,"minecraft:damage_taken":5641,"minecraft:swim_one_cm":25577,"minecraft:fly_one_cm":189998,"minecraft:open_chest":90,"minecraft:fall_one_cm":97541},"minecraft:mined":{"minecraft:large_amethyst_bud":2,"minecraft:white_bed":2,"minecraft:oak_sapling":1,"minecraft:pink_bed":3,"minecraft:cherry_log":61,"minecraft:cherry_trapdoor":1,"minecraft:budding_amethyst":2,"minecraft:grass_block":90,"minecraft:oak_pressure_plate":3,"minecraft:oxeye_daisy":1,"minecraft:iron_ore":42,"minecraft:cobbled_deepslate":1,"minecraft:pumpkin":29,"minecraft:azure_bluet":1,"minecraft:red_tulip":44,"minecraft:oak_sign":4,"minecraft:dirt_path":47,"minecraft:oak_stairs":26,"minecraft:small_amethyst_bud":1,"minecraft:pink_tulip":30,"minecraft:deepslate_redstone_ore":36,"minecraft:medium_amethyst_bud":3,"minecraft:amethyst_cluster":4,"minecraft:clay":2,"minecraft:torch":22,"minecraft:calcite":127,"minecraft:poppy":2,"minecraft:chest":1,"minecraft:glass":8,"minecraft:cobblestone":47,"minecraft:sugar_cane":4,"minecraft:oak_planks":272,"minecraft:iron_door":1,"minecraft:wall_torch":20,"minecraft:amethyst_block":59,"minecraft:seagrass":5,"minecraft:yellow_wool":1,"minecraft:birch_log":24,"minecraft:wheat":102,"minecraft:cherry_door":1,"minecraft:orange_tulip":28,"minecraft:oak_log":286,"minecraft:oak_fence_gate":2,"minecraft:sand":258,"minecraft:dirt":60,"minecraft:smooth_basalt":3,"minecraft:stonecutter":1,"minecraft:oak_leaves":228,"minecraft:deepslate":139,"minecraft:tuff":19,"minecraft:cherry_sapling":2,"minecraft:stripped_cherry_log":2,"minecraft:glow_lichen":1,"minecraft:allium":1,"minecraft:hay_block":3,"minecraft:redstone_ore":2,"minecraft:carrots":20,"minecraft:andesite":1,"minecraft:peony":1,"minecraft:gold_block":1,"minecraft:bell":1,"minecraft:potatoes":1,"minecraft:deepslate_iron_ore":24,"minecraft:white_tulip":16,"minecraft:stone":583,"minecraft:cherry_stairs":10,"minecraft:white_wool":2,"minecraft:smithing_table":2,"minecraft:oak_slab":2,"minecraft:cherry_planks":39,"minecraft:lily_of_the_valley":1,"minecraft:oak_fence":19,"minecraft:crafting_table":4,"minecraft:cornflower":1,"minecraft:short_grass":78,"minecraft:tall_grass":36,"minecraft:deepslate_gold_ore":33,"minecraft:diorite":42,"minecraft:birch_leaves":21,"minecraft:yellow_bed":1,"minecraft:coal_ore":377,"minecraft:cherry_leaves":67,"minecraft:gravel":24,"minecraft:cobweb":6},"minecraft:broken":{"minecraft:stone_pickaxe":8,"minecraft:stone_axe":7,"minecraft:stone_shovel":2,"minecraft:stone_sword":2,"minecraft:stone_hoe":1,"minecraft:wooden_pickaxe":1,"minecraft:iron_axe":2,"minecraft:iron_pickaxe":1},"minecraft:crafted":{"minecraft:oak_planks":824,"minecraft:oak_sign":3,"minecraft:pink_bed":1,"minecraft:cooked_chicken":5,"minecraft:glass":379,"minecraft:chest":2,"minecraft:iron_door":3,"minecraft:stone_hoe":1,"minecraft:oak_fence":66,"minecraft:pink_stained_glass":32,"minecraft:crafting_table":12,"minecraft:birch_planks":48,"minecraft:stick":168,"minecraft:iron_ingot":27,"minecraft:stone_sword":2,"minecraft:cherry_planks":216,"minecraft:stone_shovel":3,"minecraft:furnace":1,"minecraft:bone_meal":21,"minecraft:pink_dye":7,"minecraft:cherry_trapdoor":2,"minecraft:cherry_stairs":28,"minecraft:stone_pickaxe":11,"minecraft:cooked_beef":2,"minecraft:bucket":1,"minecraft:stone_axe":8,"minecraft:oak_fence_gate":8,"minecraft:white_dye":2,"minecraft:oak_stairs":56,"minecraft:cherry_door":3,"minecraft:torch":216},"minecraft:killed_by":{"minecraft:zombie":1},"minecraft:dropped":{"minecraft:iron_sword":1,"minecraft:birch_planks":3,"minecraft:ominous_bottle":1,"minecraft:lapis_lazuli":64,"minecraft:oak_log":21,"minecraft:baked_potato":1,"minecraft:crafting_table":7,"minecraft:cooked_porkchop":34,"minecraft:crossbow":1,"minecraft:glow_berries":11,"minecraft:flint":1,"minecraft:dirt":36,"minecraft:cornflower":1,"minecraft:mutton":5,"minecraft:amethyst_shard":18,"minecraft:sand":35,"minecraft:iron_pickaxe":4,"minecraft:birch_log":12,"minecraft:bone":10,"minecraft:oak_door":7,"minecraft:gravel":22,"minecraft:stone_axe":1,"minecraft:sugar_cane":17,"minecraft:cooked_chicken":5,"minecraft:cobbled_deepslate":59,"minecraft:wheat":56,"minecraft:rotten_flesh":12,"minecraft:oak_planks":72,"minecraft:cooked_mutton":9,"minecraft:azure_bluet":1,"minecraft:white_bed":3,"minecraft:salmon":5,"minecraft:carrot":121,"minecraft:poppy":2,"minecraft:gunpowder":8,"minecraft:glass":1,"minecraft:bread":66,"minecraft:wheat_seeds":72,"minecraft:golden_horse_armor":1,"minecraft:feather":19,"minecraft:cobblestone":276,"minecraft:apple":1,"minecraft:amethyst_block":125,"minecraft:granite":32,"minecraft:coal":149,"minecraft:stick":71,"minecraft:oxeye_daisy":1,"minecraft:torch":27,"minecraft:polished_andesite_stairs":2,"minecraft:pumpkin":28,"minecraft:iron_axe":1,"minecraft:string":10,"minecraft:dandelion":4,"minecraft:smooth_basalt":6,"minecraft:redstone":48,"minecraft:raw_copper":31,"minecraft:smooth_stone_slab":60,"minecraft:tuff":20,"minecraft:stone_shovel":2,"minecraft:raw_iron":74,"minecraft:chicken":1,"minecraft:white_carpet":2,"minecraft:iron_boots":1,"minecraft:name_tag":2,"minecraft:oak_sign":1,"minecraft:shears":1,"minecraft:pumpkin_seeds":6,"minecraft:hay_block":3,"minecraft:peony":3,"minecraft:iron_chestplate":1,"minecraft:andesite":16,"minecraft:oak_boat":1,"minecraft:oak_sapling":3,"minecraft:stone_pickaxe":1,"minecraft:wooden_pickaxe":1,"minecraft:raw_gold":33,"minecraft:red_tulip":19},"minecraft:used":{"minecraft:cherry_sapling":14,"minecraft:oak_sign":2,"minecraft:chest":3,"minecraft:carrot":33,"minecraft:tuff":5,"minecraft:glass":269,"minecraft:birch_sapling":3,"minecraft:oak_sapling":35,"minecraft:furnace":1,"minecraft:egg":11,"minecraft:potato":1,"minecraft:diorite":3,"minecraft:stone_pickaxe":1127,"minecraft:oak_planks":627,"minecraft:orange_tulip":22,"minecraft:wooden_pickaxe":46,"minecraft:white_wool":2,"minecraft:sand":9,"minecraft:bread":63,"minecraft:brown_wool":1,"minecraft:oak_pressure_plate":3,"minecraft:iron_door":3,"minecraft:gravel":1,"minecraft:pink_stained_glass":32,"minecraft:bone_meal":63,"minecraft:oak_fence":91,"minecraft:stone_sword":216,"minecraft:white_tulip":10,"minecraft:stone_shovel":352,"minecraft:stone_hoe":71,"minecraft:cooked_chicken":2,"minecraft:torch":327,"minecraft:dirt":180,"minecraft:oak_fence_gate":9,"minecraft:red_tulip":25,"minecraft:iron_axe":431,"minecraft:oak_stairs":56,"minecraft:cherry_trapdoor":3,"minecraft:cooked_beef":10,"minecraft:cobbled_deepslate":87,"minecraft:cherry_log":17,"minecraft:calcite":170,"minecraft:wheat_seeds":151,"minecraft:cooked_mutton":3,"minecraft:water_bucket":12,"minecraft:pink_tulip":5,"minecraft:amethyst_block":47,"minecraft:cherry_planks":186,"minecraft:mossy_cobblestone":6,"minecraft:crafting_table":14,"minecraft:white_bed":2,"minecraft:cherry_door":4,"minecraft:iron_pickaxe":490,"minecraft:stone_axe":762,"minecraft:pink_bed":4,"minecraft:cobblestone":221,"minecraft:cherry_stairs":33,"minecraft:cooked_porkchop":17,"minecraft:bucket":12,"minecraft:yellow_bed":1,"minecraft:dandelion":1},"minecraft:picked_up":{"minecraft:iron_chestplate":4,"minecraft:wheat":208,"minecraft:smithing_table":2,"minecraft:oak_stairs":36,"minecraft:amethyst_block":142,"minecraft:string":16,"minecraft:raw_copper":61,"minecraft:smooth_stone_slab":60,"minecraft:iron_leggings":3,"minecraft:oak_sign":2,"minecraft:diamond_leggings":2,"minecraft:cobbled_deepslate":188,"minecraft:white_tulip":25,"minecraft:calcite":140,"minecraft:iron_pickaxe":10,"minecraft:iron_boots":3,"minecraft:stick":132,"minecraft:oak_fence":35,"minecraft:torch":388,"minecraft:cherry_log":71,"minecraft:diorite":44,"minecraft:stone_sword":1,"minecraft:rotten_flesh":15,"minecraft:red_tulip":44,"minecraft:cobblestone":759,"minecraft:birch_log":24,"minecraft:pink_petals":4,"minecraft:feather":22,"minecraft:cooked_beef":8,"minecraft:cherry_planks":36,"minecraft:iron_door":2,"minecraft:cherry_leaves":1,"minecraft:water_bucket":1,"minecraft:andesite":17,"minecraft:brown_wool":1,"minecraft:potato":5,"minecraft:flint":2,"minecraft:tuff":31,"minecraft:lapis_lazuli":64,"minecraft:cherry_door":1,"minecraft:dirt":197,"minecraft:name_tag":4,"minecraft:glass":22,"minecraft:bone":15,"minecraft:stonecutter":2,"minecraft:wheat_seeds":411,"minecraft:orange_tulip":23,"minecraft:raw_gold":47,"minecraft:bell":1,"minecraft:diamond_helmet":2,"minecraft:oak_planks":319,"minecraft:pink_stained_glass":3,"minecraft:cooked_porkchop":74,"minecraft:oak_pressure_plate":3,"minecraft:sand":499,"minecraft:mossy_cobblestone":6,"minecraft:diamond":9,"minecraft:crossbow":1,"minecraft:granite":32,"minecraft:bone_meal":64,"minecraft:bread":126,"minecraft:oak_sapling":38,"minecraft:crafting_table":6,"minecraft:azure_bluet":1,"minecraft:ominous_bottle":1,"minecraft:chicken":8,"minecraft:wooden_pickaxe":2,"minecraft:stripped_cherry_log":2,"minecraft:shield":1,"minecraft:cornflower":1,"minecraft:iron_axe":6,"minecraft:white_carpet":2,"minecraft:beef":2,"minecraft:oak_boat":1,"minecraft:poppy":3,"minecraft:sugar_cane":17,"minecraft:chest":1,"minecraft:birch_sapling":3,"minecraft:cherry_trapdoor":1,"minecraft:egg":13,"minecraft:raw_iron":99,"minecraft:cherry_stairs":9,"minecraft:oak_door":7,"minecraft:white_dye":4,"minecraft:carrot":379,"minecraft:redstone":264,"minecraft:arrow":8,"minecraft:diamond_chestplate":2,"minecraft:stone_shovel":1,"minecraft:peony":4,"minecraft:shears":1,"minecraft:diamond_boots":2,"minecraft:hay_block":3,"minecraft:pink_tulip":37,"minecraft:glow_berries":22,"minecraft:mutton":17,"minecraft:white_wool":49,"minecraft:oxeye_daisy":5,"minecraft:salmon":9,"minecraft:leather":3,"minecraft:birch_planks":3,"minecraft:oak_log":341,"minecraft:yellow_bed":1,"minecraft:cooked_mutton":12,"minecraft:apple":2,"minecraft:oak_fence_gate":2,"minecraft:stone_pickaxe":3,"minecraft:cooked_chicken":4,"minecraft:iron_sword":1,"minecraft:polished_andesite_stairs":2,"minecraft:oak_slab":13,"minecraft:pink_bed":3,"minecraft:smooth_basalt":6,"minecraft:pumpkin":64,"minecraft:dandelion":5,"minecraft:gravel":27,"minecraft:amethyst_shard":36,"minecraft:white_bed":5,"minecraft:pumpkin_seeds":3,"minecraft:stone_axe":2,"minecraft:iron_helmet":3,"minecraft:cherry_sapling":17,"minecraft:baked_potato":31,"minecraft:coal":458,"minecraft:pink_dye":2}},"DataVersion":3953}