{"stats":{"minecraft:killed":{"minecraft:armadillo":1,"minecraft:bogged":18,"minecraft:skeleton":4,"minecraft:chicken":1,"minecraft:silverfish":24,"minecraft:pig":3,"minecraft:creeper":1,"minecraft:sheep":9,"minecraft:donkey":1,"minecraft:zombie":21,"minecraft:breeze":9,"minecraft:cow":7},"minecraft:custom":{"minecraft:mob_kills":103,"minecraft:interact_with_crafting_table":20,"minecraft:open_barrel":6,"minecraft:leave_game":8,"minecraft:time_since_death":27026,"minecraft:climb_one_cm":4717,"minecraft:sprint_one_cm":356700,"minecraft:walk_one_cm":175043,"minecraft:damage_blocked_by_shield":1281,"minecraft:drop":21,"minecraft:play_time":108818,"minecraft:deaths":4,"minecraft:sneak_time":7458,"minecraft:walk_under_water_one_cm":13286,"minecraft:jump":2941,"minecraft:walk_on_water_one_cm":22893,"minecraft:total_world_time":108818,"minecraft:interact_with_furnace":26,"minecraft:sleep_in_bed":4,"minecraft:time_since_rest":18452,"minecraft:damage_taken":3492,"minecraft:damage_absorbed":80,"minecraft:damage_dealt":14987,"minecraft:swim_one_cm":47972,"minecraft:fly_one_cm":550601,"minecraft:open_chest":19,"minecraft:crouch_one_cm":22917,"minecraft:fall_one_cm":96045,"minecraft:inspect_dispenser":2},"minecraft:mined":{"minecraft:tuff":1,"minecraft:white_bed":4,"minecraft:mossy_cobblestone":1,"minecraft:deepslate_diamond_ore":29,"minecraft:potted_dead_bush":1,"minecraft:granite":4,"minecraft:grass_block":7,"minecraft:decorated_pot":18,"minecraft:chiseled_tuff_bricks":10,"minecraft:tuff_bricks":24,"minecraft:magma_block":5,"minecraft:waxed_oxidized_cut_copper":2,"minecraft:furnace":6,"minecraft:fire":1,"minecraft:waxed_copper_grate":5,"minecraft:iron_ore":21,"minecraft:cobbled_deepslate":1,"minecraft:andesite":3,"minecraft:deepslate_iron_ore":4,"minecraft:stone":67,"minecraft:deepslate_redstone_ore":1,"minecraft:crafting_table":9,"minecraft:short_grass":4,"minecraft:cobblestone":7,"minecraft:deepslate_coal_ore":3,"minecraft:oak_planks":10,"minecraft:waxed_copper_bulb":1,"minecraft:waxed_oxidized_copper_grate":1,"minecraft:waxed_oxidized_cut_copper_stairs":2,"minecraft:waxed_copper_block":4,"minecraft:coal_ore":4,"minecraft:oak_log":10,"minecraft:dirt":1,"minecraft:gravel":2,"minecraft:oak_leaves":4,"minecraft:deepslate":97},"minecraft:broken":{"minecraft:leather_leggings":1},"minecraft:crafted":{"minecraft:oak_planks":40,"minecraft:leather_leggings":1,"minecraft:furnace":1,"minecraft:cooked_mutton":12,"minecraft:diamond":9,"minecraft:diamond_leggings":1,"minecraft:diamond_helmet":1,"minecraft:iron_boots":1,"minecraft:iron_axe":1,"minecraft:stone_pickaxe":1,"minecraft:diamond_boots":1,"minecraft:cooked_beef":13,"minecraft:emerald":9,"minecraft:cooked_porkchop":6,"minecraft:diamond_axe":1,"minecraft:crafting_table":4,"minecraft:wooden_pickaxe":1,"minecraft:iron_helmet":1,"minecraft:air":0,"minecraft:white_wool":1,"minecraft:diamond_pickaxe":1,"minecraft:shield":1,"minecraft:stick":12,"minecraft:iron_ingot":21,"minecraft:iron_pickaxe":1,"minecraft:white_bed":2,"minecraft:diamond_chestplate":1},"minecraft:killed_by":{"minecraft:bogged":1,"minecraft:skeleton":1,"minecraft:zombie":1,"minecraft:breeze":1},"minecraft:dropped":{"minecraft:wheat_seeds":1,"minecraft:waxed_oxidized_cut_copper_stairs":4,"minecraft:glow_berries":6,"minecraft:rail":14,"minecraft:diorite":1,"minecraft:torch":3,"minecraft:snowball":7,"minecraft:string":10,"minecraft:tuff_bricks":1,"minecraft:raw_iron":1,"minecraft:waxed_copper_block":2,"minecraft:beetroot_seeds":2,"minecraft:waxed_oxidized_cut_copper":2,"minecraft:stone_pickaxe":1,"minecraft:wooden_pickaxe":1,"minecraft:brick":23},"minecraft:used":{"minecraft:tuff_bricks":14,"minecraft:shield":29,"minecraft:cooked_chicken":1,"minecraft:rotten_flesh":10,"minecraft:trial_key":3,"minecraft:torch":3,"minecraft:dirt":7,"minecraft:diamond_helmet":2,"minecraft:waxed_copper_grate":4,"minecraft:tuff":1,"minecraft:granite":4,"minecraft:iron_axe":6,"minecraft:diamond_chestplate":1,"minecraft:magma_block":2,"minecraft:golden_carrot":4,"minecraft:bow":14,"minecraft:ominous_bottle":2,"minecraft:furnace":6,"minecraft:cooked_beef":6,"minecraft:cobbled_deepslate":83,"minecraft:cooked_mutton":12,"minecraft:diorite":2,"minecraft:leather_leggings":1,"minecraft:stone_pickaxe":64,"minecraft:baked_potato":4,"minecraft:oak_planks":19,"minecraft:wooden_pickaxe":7,"minecraft:diamond_axe":230,"minecraft:waxed_copper_block":1,"minecraft:golden_apple":2,"minecraft:crafting_table":12,"minecraft:crossbow":2,"minecraft:white_bed":5,"minecraft:diamond_pickaxe":187,"minecraft:ominous_trial_key":1,"minecraft:bread":2,"minecraft:iron_pickaxe":69,"minecraft:chiseled_tuff_bricks":6,"minecraft:cobblestone":62,"minecraft:cooked_porkchop":6,"minecraft:andesite":3,"minecraft:chain":1},"minecraft:picked_up":{"minecraft:waxed_oxidized_cut_copper":2,"minecraft:crafting_table":13,"minecraft:ominous_bottle":4,"minecraft:chicken":4,"minecraft:chest_minecart":3,"minecraft:leather_leggings":1,"minecraft:wooden_pickaxe":1,"minecraft:chain":1,"minecraft:brick":23,"minecraft:shield":3,"minecraft:string":30,"minecraft:cobbled_deepslate":94,"minecraft:beef":61,"minecraft:trial_key":3,"minecraft:iron_pickaxe":4,"minecraft:iron_boots":3,"minecraft:furnace":10,"minecraft:tipped_arrow":40,"minecraft:raw_iron":30,"minecraft:torch":15,"minecraft:porkchop":6,"minecraft:waxed_copper_grate":4,"minecraft:diorite":4,"minecraft:redstone":20,"minecraft:honey_bottle":4,"minecraft:diamond_chestplate":3,"minecraft:arrow":47,"minecraft:rotten_flesh":38,"minecraft:beetroot_seeds":3,"minecraft:diamond_boots":3,"minecraft:waxed_oxidized_cut_copper_stairs":4,"minecraft:flow_armor_trim_smithing_template":1,"minecraft:tuff_bricks":22,"minecraft:glow_berries":12,"minecraft:mutton":32,"minecraft:snowball":7,"minecraft:rail":39,"minecraft:white_wool":30,"minecraft:cobblestone":102,"minecraft:magma_block":2,"minecraft:feather":5,"minecraft:cooked_beef":3,"minecraft:golden_carrot":4,"minecraft:andesite":4,"minecraft:leather":15,"minecraft:tuff":2,"minecraft:oak_log":10,"minecraft:waxed_copper_block":5,"minecraft:gunpowder":52,"minecraft:dirt":7,"minecraft:name_tag":3,"minecraft:cooked_mutton":3,"minecraft:bone":63,"minecraft:bow":2,"minecraft:wheat_seeds":4,"minecraft:iron_ingot":12,"minecraft:stone_pickaxe":1,"minecraft:cooked_chicken":2,"minecraft:guster_banner_pattern":1,"minecraft:diamond_helmet":3,"minecraft:oak_planks":85,"minecraft:emerald_block":1,"minecraft:gravel":2,"minecraft:white_bed":4,"minecraft:diamond_block":1,"minecraft:diamond":46,"minecraft:breeze_rod":12,"minecraft:iron_helmet":3,"minecraft:granite":8,"minecraft:crossbow":3,"minecraft:diamond_axe":3,"minecraft:emerald":13,"minecraft:baked_potato":7,"minecraft:chiseled_tuff_bricks":6,"minecraft:ominous_trial_key":1,"minecraft:coal":56,"minecraft:diamond_pickaxe":3}},"DataVersion":3953}