{"stats":{"minecraft:killed":{"minecraft:witch":1,"minecraft:spider":5,"minecraft:skeleton":15,"minecraft:chicken":6,"minecraft:pig":9,"minecraft:zombie_villager":2,"minecraft:squid":1,"minecraft:sheep":22,"minecraft:pillager":1,"minecraft:zombie":33,"minecraft:enderman":1,"minecraft:cow":12},"minecraft:custom":{"minecraft:mob_kills":109,"minecraft:interact_with_crafting_table":126,"minecraft:leave_game":7,"minecraft:time_since_death":225515,"minecraft:sprint_one_cm":1802239,"minecraft:walk_one_cm":1245081,"minecraft:damage_blocked_by_shield":1151,"minecraft:drop":256,"minecraft:play_time":775481,"minecraft:deaths":8,"minecraft:sneak_time":42371,"minecraft:walk_under_water_one_cm":40002,"minecraft:boat_one_cm":160131,"minecraft:jump":11599,"minecraft:walk_on_water_one_cm":63947,"minecraft:total_world_time":775481,"minecraft:interact_with_furnace":114,"minecraft:sleep_in_bed":44,"minecraft:time_since_rest":1660,"minecraft:damage_taken":8349,"minecraft:damage_dealt":14868,"minecraft:swim_one_cm":48946,"minecraft:fly_one_cm":2724458,"minecraft:open_chest":70,"minecraft:crouch_one_cm":120226,"minecraft:fall_one_cm":308227},"minecraft:mined":{"minecraft:tuff":23,"minecraft:white_bed":29,"minecraft:deepslate_diamond_ore":15,"minecraft:oak_door":1,"minecraft:granite":56,"minecraft:budding_amethyst":6,"minecraft:grass_block":1105,"minecraft:pink_stained_glass":2,"minecraft:oxeye_daisy":1,"minecraft:spawner":1,"minecraft:hay_block":49,"minecraft:furnace":11,"minecraft:iron_ore":70,"minecraft:andesite":20,"minecraft:pumpkin":2,"minecraft:deepslate_lapis_ore":6,"minecraft:peony":1,"minecraft:azure_bluet":4,"minecraft:oak_stairs":11,"minecraft:dirt_path":48,"minecraft:deepslate_iron_ore":13,"minecraft:small_amethyst_bud":1,"minecraft:stone":1121,"minecraft:white_wool":5,"minecraft:tripwire":1,"minecraft:oak_slab":5,"minecraft:deepslate_redstone_ore":8,"minecraft:red_wool":16,"minecraft:dandelion":14,"minecraft:crafting_table":20,"minecraft:torch":9,"minecraft:short_grass":172,"minecraft:calcite":89,"minecraft:poppy":3,"minecraft:glass":1,"minecraft:cobblestone":65,"minecraft:copper_ore":14,"minecraft:tall_grass":18,"minecraft:lapis_ore":5,"minecraft:sugar_cane":8,"minecraft:oak_planks":43,"minecraft:iron_door":1,"minecraft:diorite":10,"minecraft:wall_torch":20,"minecraft:amethyst_block":31,"minecraft:deepslate_copper_ore":3,"minecraft:yellow_wool":3,"minecraft:lilac":2,"minecraft:white_carpet":1,"minecraft:birch_leaves":1,"minecraft:yellow_bed":2,"minecraft:black_wool":5,"minecraft:coal_ore":76,"minecraft:oak_log":112,"minecraft:gravel":1,"minecraft:sand":235,"minecraft:dirt":869,"minecraft:cobweb":9,"minecraft:smooth_basalt":3,"minecraft:oak_leaves":13,"minecraft:deepslate":131},"minecraft:broken":{"minecraft:iron_boots":1,"minecraft:iron_leggings":1,"minecraft:stone_pickaxe":2,"minecraft:diamond_shovel":1,"minecraft:iron_pickaxe":4,"minecraft:iron_helmet":1},"minecraft:crafted":{"minecraft:oak_door":3,"minecraft:oak_planks":328,"minecraft:oak_sign":3,"minecraft:oak_pressure_plate":8,"minecraft:cooked_chicken":6,"minecraft:furnace":9,"minecraft:stone":5,"minecraft:yellow_bed":1,"minecraft:diamond_shovel":2,"minecraft:cooked_mutton":43,"minecraft:iron_boots":5,"minecraft:iron_axe":3,"minecraft:stone_pickaxe":2,"minecraft:chest":4,"minecraft:wheat":468,"minecraft:cooked_beef":9,"minecraft:oak_slab":12,"minecraft:cooked_porkchop":13,"minecraft:crafting_table":3,"minecraft:wooden_pickaxe":1,"minecraft:iron_helmet":4,"minecraft:iron_sword":1,"minecraft:bucket":2,"minecraft:stone_axe":2,"minecraft:bread":156,"minecraft:air":0,"minecraft:oak_boat":3,"minecraft:diamond_pickaxe":1,"minecraft:iron_chestplate":4,"minecraft:charcoal":5,"minecraft:shield":1,"minecraft:stick":148,"minecraft:iron_ingot":143,"minecraft:iron_pickaxe":9,"minecraft:oak_stairs":32,"minecraft:wooden_axe":1,"minecraft:iron_leggings":4,"minecraft:white_bed":5,"minecraft:torch":296},"minecraft:killed_by":{"minecraft:player":6,"minecraft:creeper":1},"minecraft:dropped":{"minecraft:bread":174,"minecraft:porkchop":1,"minecraft:wheat_seeds":18,"minecraft:oak_pressure_plate":2,"minecraft:ominous_bottle":1,"minecraft:cooked_beef":8,"minecraft:oak_log":26,"minecraft:diamond":9,"minecraft:cooked_porkchop":54,"minecraft:diamond_leggings":1,"minecraft:feather":7,"minecraft:cobblestone":131,"minecraft:iron_helmet":4,"minecraft:leather":10,"minecraft:saddle":1,"minecraft:coal":2,"minecraft:stick":14,"minecraft:oxeye_daisy":1,"minecraft:dirt":26,"minecraft:gray_wool":1,"minecraft:ink_sac":1,"minecraft:torch":155,"minecraft:wooden_axe":1,"minecraft:diamond_helmet":1,"minecraft:iron_leggings":3,"minecraft:pumpkin":10,"minecraft:polished_andesite_stairs":1,"minecraft:iron_axe":5,"minecraft:sand":244,"minecraft:iron_pickaxe":5,"minecraft:string":13,"minecraft:smooth_basalt":3,"minecraft:dandelion":4,"minecraft:bone":7,"minecraft:oak_door":3,"minecraft:furnace":1,"minecraft:stone_axe":2,"minecraft:sugar_cane":18,"minecraft:cooked_chicken":3,"minecraft:raw_copper":31,"minecraft:tuff":10,"minecraft:stone_shovel":1,"minecraft:chicken":2,"minecraft:white_carpet":1,"minecraft:rotten_flesh":16,"minecraft:oak_planks":18,"minecraft:iron_boots":5,"minecraft:name_tag":4,"minecraft:cooked_mutton":12,"minecraft:azure_bluet":1,"minecraft:oak_sign":2,"minecraft:poppy":1,"minecraft:diamond_chestplate":1,"minecraft:gunpowder":8,"minecraft:peony":4,"minecraft:iron_chestplate":4,"minecraft:andesite":19,"minecraft:oak_boat":1,"minecraft:oak_sapling":3,"minecraft:spider_eye":1,"minecraft:diamond_boots":1,"minecraft:beef":4,"minecraft:wooden_pickaxe":1,"minecraft:bow":2,"minecraft:arrow":11,"minecraft:stone_pickaxe":1,"minecraft:raw_gold":8,"minecraft:egg":1},"minecraft:used":{"minecraft:peony":1,"minecraft:poppy":1,"minecraft:oak_sign":4,"minecraft:chest":9,"minecraft:shield":46,"minecraft:stone":59,"minecraft:iron_sword":237,"minecraft:cooked_chicken":7,"minecraft:oak_door":2,"minecraft:torch":152,"minecraft:dirt":1203,"minecraft:white_carpet":13,"minecraft:tuff":11,"minecraft:granite":26,"minecraft:azure_bluet":1,"minecraft:wooden_axe":32,"minecraft:lava_bucket":1,"minecraft:red_wool":119,"minecraft:iron_axe":145,"minecraft:oak_stairs":31,"minecraft:polished_andesite_stairs":31,"minecraft:iron_boots":1,"minecraft:beef":2,"minecraft:furnace":17,"minecraft:egg":2,"minecraft:cooked_beef":1,"minecraft:calcite":30,"minecraft:pumpkin":2,"minecraft:cooked_mutton":40,"minecraft:water_bucket":23,"minecraft:diorite":8,"minecraft:stone_pickaxe":238,"minecraft:oak_planks":138,"minecraft:wooden_pickaxe":5,"minecraft:white_wool":11,"minecraft:sand":16,"minecraft:oak_slab":8,"minecraft:crafting_table":20,"minecraft:red_bed":1,"minecraft:white_bed":35,"minecraft:diamond_pickaxe":269,"minecraft:black_wool":35,"minecraft:apple":1,"minecraft:diamond_shovel":2165,"minecraft:bread":68,"minecraft:string":1,"minecraft:iron_pickaxe":1336,"minecraft:iron_door":1,"minecraft:oak_pressure_plate":6,"minecraft:gravel":1,"minecraft:stone_axe":83,"minecraft:cobblestone":499,"minecraft:cooked_porkchop":37,"minecraft:porkchop":2,"minecraft:bucket":26,"minecraft:andesite":1,"minecraft:yellow_bed":2,"minecraft:oak_boat":5},"minecraft:picked_up":{"minecraft:wooden_axe":5,"minecraft:crafting_table":29,"minecraft:iron_chestplate":4,"minecraft:azure_bluet":5,"minecraft:ominous_bottle":1,"minecraft:chicken":10,"minecraft:yellow_wool":3,"minecraft:wooden_pickaxe":2,"minecraft:oak_stairs":11,"minecraft:shield":2,"minecraft:amethyst_block":103,"minecraft:iron_axe":4,"minecraft:cornflower":1,"minecraft:string":16,"minecraft:raw_copper":129,"minecraft:iron_leggings":2,"minecraft:white_carpet":2,"minecraft:oak_sign":6,"minecraft:cobbled_deepslate":464,"minecraft:beef":15,"minecraft:oak_boat":6,"minecraft:calcite":190,"minecraft:poppy":10,"minecraft:iron_pickaxe":5,"minecraft:sugar_cane":40,"minecraft:egg":4,"minecraft:iron_boots":4,"minecraft:furnace":13,"minecraft:stick":26,"minecraft:raw_iron":184,"minecraft:stone":24,"minecraft:oak_door":8,"minecraft:torch":79,"minecraft:porkchop":30,"minecraft:diorite":13,"minecraft:redstone":237,"minecraft:stone_shovel":1,"minecraft:arrow":23,"minecraft:rotten_flesh":62,"minecraft:peony":4,"minecraft:hay_block":52,"minecraft:saddle":3,"minecraft:mutton":43,"minecraft:white_wool":27,"minecraft:cobblestone":1873,"minecraft:oxeye_daisy":1,"minecraft:feather":25,"minecraft:iron_door":1,"minecraft:water_bucket":2,"minecraft:andesite":52,"minecraft:leather":10,"minecraft:flint":2,"minecraft:tuff":61,"minecraft:oak_log":150,"minecraft:yellow_bed":2,"minecraft:gunpowder":8,"minecraft:lapis_lazuli":260,"minecraft:dirt":2213,"minecraft:name_tag":5,"minecraft:cooked_mutton":18,"minecraft:bone":14,"minecraft:apple":1,"minecraft:bow":2,"minecraft:wheat_seeds":65,"minecraft:raw_gold":70,"minecraft:iron_ingot":27,"minecraft:stone_pickaxe":5,"minecraft:cooked_chicken":5,"minecraft:oak_planks":130,"minecraft:iron_sword":3,"minecraft:oak_slab":5,"minecraft:polished_andesite_stairs":2,"minecraft:smooth_basalt":3,"minecraft:cooked_porkchop":51,"minecraft:pumpkin":12,"minecraft:red_wool":16,"minecraft:dandelion":19,"minecraft:lava_bucket":2,"minecraft:gravel":27,"minecraft:sand":286,"minecraft:ink_sac":1,"minecraft:spider_eye":1,"minecraft:white_bed":27,"minecraft:grass_block":1,"minecraft:diamond":29,"minecraft:stone_axe":3,"minecraft:iron_helmet":4,"minecraft:granite":161,"minecraft:golden_apple":1,"minecraft:gray_wool":1,"minecraft:golden_horse_armor":2,"minecraft:bread":180,"minecraft:oak_sapling":4,"minecraft:black_wool":5,"minecraft:coal":411}},"DataVersion":3953}