{"stats":{"minecraft:mined":{"minecraft:tuff":20,"minecraft:deepslate_diamond_ore":9,"minecraft:oak_door":1,"minecraft:granite":47,"minecraft:grass_block":17,"minecraft:furnace":2,"minecraft:iron_ore":34,"minecraft:andesite":16,"minecraft:deepslate_lapis_ore":6,"minecraft:peony":1,"minecraft:stone":544,"minecraft:tripwire":1,"minecraft:deepslate_redstone_ore":8,"minecraft:crafting_table":9,"minecraft:torch":2,"minecraft:short_grass":6,"minecraft:copper_ore":10,"minecraft:tall_grass":11,"minecraft:cobblestone":21,"minecraft:lapis_ore":5,"minecraft:sugar_cane":4,"minecraft:diorite":5,"minecraft:wall_torch":14,"minecraft:deepslate_copper_ore":3,"minecraft:white_carpet":1,"minecraft:oak_log":30,"minecraft:coal_ore":40,"minecraft:dirt":52,"minecraft:oak_leaves":2,"minecraft:deepslate":120},"minecraft:killed_by":{"minecraft:player":3,"minecraft:creeper":1},"minecraft:crafted":{"minecraft:oak_door":3,"minecraft:oak_planks":76,"minecraft:oak_sign":3,"minecraft:cooked_chicken":5,"minecraft:furnace":3,"minecraft:stone":5,"minecraft:iron_boots":4,"minecraft:stone_pickaxe":2,"minecraft:cooked_porkchop":5,"minecraft:crafting_table":2,"minecraft:wooden_pickaxe":1,"minecraft:iron_helmet":3,"minecraft:iron_sword":1,"minecraft:stone_axe":2,"minecraft:air":0,"minecraft:oak_boat":1,"minecraft:iron_chestplate":3,"minecraft:charcoal":5,"minecraft:stick":60,"minecraft:iron_ingot":93,"minecraft:iron_pickaxe":5,"minecraft:wooden_axe":1,"minecraft:iron_leggings":3,"minecraft:torch":88},"minecraft:used":{"minecraft:peony":1,"minecraft:oak_sign":4,"minecraft:chest":5,"minecraft:stone":59,"minecraft:iron_sword":41,"minecraft:cooked_chicken":3,"minecraft:oak_door":2,"minecraft:torch":59,"minecraft:dirt":67,"minecraft:white_carpet":13,"minecraft:granite":23,"minecraft:wooden_axe":32,"minecraft:polished_andesite_stairs":31,"minecraft:furnace":5,"minecraft:egg":2,"minecraft:diorite":3,"minecraft:stone_pickaxe":238,"minecraft:wooden_pickaxe":5,"minecraft:crafting_table":11,"minecraft:red_bed":1,"minecraft:white_bed":3,"minecraft:apple":1,"minecraft:string":1,"minecraft:iron_pickaxe":684,"minecraft:stone_axe":43,"minecraft:cobblestone":207,"minecraft:porkchop":2,"minecraft:cooked_porkchop":20,"minecraft:oak_boat":3},"minecraft:picked_up":{"minecraft:wooden_axe":5,"minecraft:crafting_table":13,"minecraft:iron_chestplate":1,"minecraft:chicken":5,"minecraft:wooden_pickaxe":2,"minecraft:string":4,"minecraft:raw_copper":83,"minecraft:white_carpet":2,"minecraft:oak_sign":4,"minecraft:cobbled_deepslate":208,"minecraft:oak_boat":4,"minecraft:iron_pickaxe":2,"minecraft:sugar_cane":22,"minecraft:egg":4,"minecraft:iron_boots":1,"minecraft:furnace":2,"minecraft:raw_iron":55,"minecraft:stick":20,"minecraft:stone":24,"minecraft:oak_door":5,"minecraft:torch":31,"minecraft:porkchop":22,"minecraft:diorite":8,"minecraft:redstone":81,"minecraft:arrow":15,"minecraft:rotten_flesh":20,"minecraft:peony":2,"minecraft:cobblestone":904,"minecraft:feather":18,"minecraft:andesite":32,"minecraft:flint":1,"minecraft:tuff":40,"minecraft:oak_log":29,"minecraft:lapis_lazuli":66,"minecraft:dirt":175,"minecraft:bone":5,"minecraft:apple":1,"minecraft:bow":1,"minecraft:wheat_seeds":9,"minecraft:raw_gold":8,"minecraft:stone_pickaxe":5,"minecraft:iron_ingot":1,"minecraft:cooked_chicken":2,"minecraft:oak_planks":45,"minecraft:polished_andesite_stairs":1,"minecraft:cooked_porkchop":45,"minecraft:gravel":11,"minecraft:sand":6,"minecraft:diamond":9,"minecraft:stone_axe":2,"minecraft:iron_helmet":2,"minecraft:granite":119,"minecraft:oak_sapling":2,"minecraft:coal":120},"minecraft:broken":{"minecraft:stone_pickaxe":2,"minecraft:iron_pickaxe":2},"minecraft:killed":{"minecraft:witch":1,"minecraft:spider":1,"minecraft:skeleton":6,"minecraft:chicken":6,"minecraft:pig":4,"minecraft:zombie":11},"minecraft:custom":{"minecraft:mob_kills":30,"minecraft:interact_with_crafting_table":62,"minecraft:leave_game":3,"minecraft:time_since_death":80624,"minecraft:sprint_one_cm":276279,"minecraft:walk_one_cm":304656,"minecraft:drop":115,"minecraft:play_time":247245,"minecraft:deaths":5,"minecraft:sneak_time":19209,"minecraft:walk_under_water_one_cm":12115,"minecraft:boat_one_cm":18405,"minecraft:jump":1818,"minecraft:walk_on_water_one_cm":11437,"minecraft:total_world_time":247245,"minecraft:interact_with_furnace":55,"minecraft:sleep_in_bed":3,"minecraft:time_since_rest":39424,"minecraft:damage_taken":2992,"minecraft:damage_dealt":4283,"minecraft:swim_one_cm":15234,"minecraft:fly_one_cm":194106,"minecraft:open_chest":12,"minecraft:crouch_one_cm":46796,"minecraft:fall_one_cm":30083},"minecraft:dropped":{"minecraft:porkchop":1,"minecraft:wheat_seeds":5,"minecraft:diamond":9,"minecraft:cooked_porkchop":51,"minecraft:iron_helmet":3,"minecraft:cobblestone":4,"minecraft:stick":1,"minecraft:torch":26,"minecraft:wooden_axe":1,"minecraft:iron_leggings":2,"minecraft:iron_pickaxe":3,"minecraft:string":1,"minecraft:stone_axe":1,"minecraft:cooked_chicken":3,"minecraft:white_carpet":1,"minecraft:oak_planks":12,"minecraft:iron_boots":3,"minecraft:peony":2,"minecraft:iron_chestplate":2,"minecraft:oak_sapling":2,"minecraft:arrow":7,"minecraft:bow":1,"minecraft:stone_pickaxe":1,"minecraft:wooden_pickaxe":1,"minecraft:egg":1}},"DataVersion":3953}