{"stats":{"minecraft:mined":{"minecraft:white_bed":29,"minecraft:farmland":1,"minecraft:cherry_log":11,"minecraft:granite":56,"minecraft:budding_amethyst":6,"minecraft:grass_block":1551,"minecraft:pink_stained_glass":2,"minecraft:hopper":6,"minecraft:composter":1,"minecraft:oxeye_daisy":1,"minecraft:spawner":1,"minecraft:smooth_stone":60,"minecraft:iron_ore":70,"minecraft:pumpkin":2,"minecraft:deepslate_lapis_ore":6,"minecraft:azure_bluet":4,"minecraft:red_tulip":3,"minecraft:dirt_path":88,"minecraft:small_amethyst_bud":1,"minecraft:oak_stairs":61,"minecraft:pink_tulip":1,"minecraft:tripwire":1,"minecraft:deepslate_redstone_ore":8,"minecraft:torch":9,"minecraft:calcite":89,"minecraft:poppy":3,"minecraft:chest":10,"minecraft:glass":15,"minecraft:cobblestone":99,"minecraft:sugar_cane":8,"minecraft:oak_planks":90,"minecraft:iron_door":1,"minecraft:wall_torch":20,"minecraft:amethyst_block":31,"minecraft:deepslate_copper_ore":3,"minecraft:pink_petals":11,"minecraft:repeater":2,"minecraft:wheat":20,"minecraft:yellow_wool":6,"minecraft:lilac":2,"minecraft:smooth_stone_slab":32,"minecraft:oak_log":145,"minecraft:sand":235,"minecraft:dirt":1408,"minecraft:smooth_basalt":3,"minecraft:dispenser":1,"minecraft:oak_leaves":14,"minecraft:deepslate":131,"minecraft:tuff":23,"minecraft:mossy_cobblestone":6,"minecraft:deepslate_diamond_ore":15,"minecraft:oak_door":1,"minecraft:redstone_wire":6,"minecraft:hay_block":49,"minecraft:furnace":11,"minecraft:andesite":20,"minecraft:peony":1,"minecraft:potatoes":1,"minecraft:deepslate_iron_ore":13,"minecraft:rail":3,"minecraft:stripped_oak_log":1,"minecraft:white_tulip":10,"minecraft:stone":1667,"minecraft:white_wool":8,"minecraft:oak_slab":24,"minecraft:glass_pane":3,"minecraft:red_wool":16,"minecraft:comparator":1,"minecraft:dandelion":14,"minecraft:oak_fence":44,"minecraft:crafting_table":22,"minecraft:short_grass":216,"minecraft:tall_grass":23,"minecraft:copper_ore":14,"minecraft:lapis_ore":5,"minecraft:diorite":10,"minecraft:white_carpet":7,"minecraft:birch_leaves":1,"minecraft:yellow_bed":2,"minecraft:black_wool":5,"minecraft:coal_ore":97,"minecraft:cherry_leaves":54,"minecraft:gravel":1,"minecraft:cobweb":9},"minecraft:killed_by":{"minecraft:creeper":1,"minecraft:player":7},"minecraft:crafted":{"minecraft:oak_planks":380,"minecraft:oak_sign":3,"minecraft:oak_pressure_plate":8,"minecraft:cooked_chicken":7,"minecraft:stone":5,"minecraft:diamond_shovel":2,"minecraft:cooked_mutton":43,"minecraft:iron_boots":5,"minecraft:chest":8,"minecraft:oak_slab":12,"minecraft:cooked_porkchop":13,"minecraft:crafting_table":17,"minecraft:wooden_pickaxe":1,"minecraft:baked_potato":131,"minecraft:iron_helmet":4,"minecraft:iron_chestplate":4,"minecraft:charcoal":5,"minecraft:diamond_pickaxe":1,"minecraft:shield":1,"minecraft:stick":152,"minecraft:iron_ingot":152,"minecraft:iron_pickaxe":9,"minecraft:shears":1,"minecraft:oak_door":3,"minecraft:smooth_stone_slab":192,"minecraft:diamond_hoe":1,"minecraft:furnace":9,"minecraft:yellow_bed":1,"minecraft:white_carpet":6,"minecraft:oak_trapdoor":6,"minecraft:iron_axe":5,"minecraft:iron_hoe":1,"minecraft:stone_pickaxe":2,"minecraft:wheat":468,"minecraft:cooked_beef":9,"minecraft:iron_sword":1,"minecraft:bucket":2,"minecraft:stone_axe":2,"minecraft:bread":156,"minecraft:air":0,"minecraft:oak_boat":4,"minecraft:wooden_axe":1,"minecraft:oak_stairs":32,"minecraft:iron_leggings":4,"minecraft:white_bed":5,"minecraft:torch":296},"minecraft:used":{"minecraft:peony":1,"minecraft:cherry_sapling":7,"minecraft:dispenser":1,"minecraft:diamond_hoe":3,"minecraft:poppy":1,"minecraft:oak_sign":4,"minecraft:chest":24,"minecraft:shield":46,"minecraft:stone":59,"minecraft:iron_sword":245,"minecraft:carrot":93,"minecraft:tuff":11,"minecraft:azure_bluet":1,"minecraft:glass":14,"minecraft:lava_bucket":2,"minecraft:villager_spawn_egg":4,"minecraft:red_wool":122,"minecraft:polished_andesite_stairs":31,"minecraft:hopper_minecart":3,"minecraft:repeater":2,"minecraft:furnace":17,"minecraft:egg":4,"minecraft:potato":80,"minecraft:diorite":8,"minecraft:stone_pickaxe":238,"minecraft:oak_planks":138,"minecraft:wooden_pickaxe":5,"minecraft:composter":3,"minecraft:white_wool":11,"minecraft:golden_apple":1,"minecraft:sand":16,"minecraft:shears":1,"minecraft:bread":76,"minecraft:string":1,"minecraft:oak_pressure_plate":6,"minecraft:iron_door":1,"minecraft:gravel":1,"minecraft:andesite":1,"minecraft:smooth_stone_slab":218,"minecraft:oak_boat":6,"minecraft:bone_meal":4,"minecraft:oak_trapdoor":3,"minecraft:oak_fence":49,"minecraft:redstone":6,"minecraft:cooked_chicken":8,"minecraft:oak_door":2,"minecraft:torch":154,"minecraft:dirt":2319,"minecraft:white_carpet":23,"minecraft:hopper":8,"minecraft:salmon_bucket":1,"minecraft:granite":26,"minecraft:iron_hoe":250,"minecraft:wooden_axe":32,"minecraft:red_tulip":10,"minecraft:iron_axe":489,"minecraft:oak_stairs":31,"minecraft:chicken_spawn_egg":43,"minecraft:iron_boots":1,"minecraft:beef":2,"minecraft:trapped_chest":2,"minecraft:cooked_beef":1,"minecraft:pumpkin":2,"minecraft:calcite":30,"minecraft:cooked_mutton":49,"minecraft:water_bucket":55,"minecraft:baked_potato":75,"minecraft:salmon":4,"minecraft:rail":4,"minecraft:comparator":1,"minecraft:oak_slab":8,"minecraft:crafting_table":25,"minecraft:red_bed":1,"minecraft:white_bed":39,"minecraft:oak_log":20,"minecraft:diamond_pickaxe":999,"minecraft:black_wool":161,"minecraft:apple":2,"minecraft:diamond_shovel":3118,"minecraft:iron_pickaxe":1336,"minecraft:spruce_trapdoor":3,"minecraft:stone_axe":83,"minecraft:pink_petals":34,"minecraft:cobblestone":503,"minecraft:cooked_porkchop":37,"minecraft:porkchop":2,"minecraft:bucket":55,"minecraft:yellow_bed":2,"minecraft:smooth_stone":189},"minecraft:picked_up":{"minecraft:wooden_axe":5,"minecraft:iron_chestplate":4,"minecraft:wheat":10,"minecraft:yellow_wool":3,"minecraft:oak_stairs":61,"minecraft:amethyst_block":137,"minecraft:string":21,"minecraft:raw_copper":129,"minecraft:smooth_stone_slab":124,"minecraft:iron_leggings":2,"minecraft:oak_sign":6,"minecraft:diamond_leggings":1,"minecraft:cobbled_deepslate":464,"minecraft:smooth_stone":168,"minecraft:comparator":1,"minecraft:white_tulip":10,"minecraft:calcite":190,"minecraft:iron_pickaxe":5,"minecraft:hopper_minecart":2,"minecraft:furnace":13,"minecraft:iron_boots":4,"minecraft:stick":47,"minecraft:composter":1,"minecraft:oak_fence":42,"minecraft:torch":92,"minecraft:porkchop":30,"minecraft:cherry_log":11,"minecraft:diorite":13,"minecraft:rotten_flesh":86,"minecraft:red_tulip":12,"minecraft:cobblestone":2450,"minecraft:pink_petals":34,"minecraft:feather":38,"minecraft:cherry_leaves":1,"minecraft:repeater":2,"minecraft:cherry_planks":3,"minecraft:iron_door":1,"minecraft:water_bucket":2,"minecraft:andesite":52,"minecraft:potato":1,"minecraft:flint":2,"minecraft:tuff":61,"minecraft:dirt":3292,"minecraft:lapis_lazuli":260,"minecraft:name_tag":5,"minecraft:glass":14,"minecraft:bone":17,"minecraft:bow":3,"minecraft:orange_tulip":1,"minecraft:wheat_seeds":124,"minecraft:raw_gold":70,"minecraft:oak_planks":176,"minecraft:cooked_porkchop":51,"minecraft:sand":286,"minecraft:ink_sac":1,"minecraft:grass_block":1,"minecraft:mossy_cobblestone":6,"minecraft:iron_hoe":1,"minecraft:dispenser":1,"minecraft:diamond":29,"minecraft:granite":161,"minecraft:bone_meal":64,"minecraft:golden_apple":1,"minecraft:golden_horse_armor":2,"minecraft:bread":182,"minecraft:oak_sapling":7,"minecraft:diamond_pickaxe":1,"minecraft:crafting_table":40,"minecraft:azure_bluet":5,"minecraft:ominous_bottle":1,"minecraft:chicken":10,"minecraft:wooden_pickaxe":2,"minecraft:shield":2,"minecraft:cornflower":1,"minecraft:oak_trapdoor":2,"minecraft:iron_axe":6,"minecraft:white_carpet":12,"minecraft:beef":15,"minecraft:oak_boat":7,"minecraft:poppy":12,"minecraft:light_gray_wool":17,"minecraft:sugar_cane":40,"minecraft:chest":11,"minecraft:egg":12,"minecraft:raw_iron":184,"minecraft:cherry_stairs":1,"minecraft:stone":24,"minecraft:oak_door":10,"minecraft:carrot":115,"minecraft:redstone":307,"minecraft:stone_shovel":1,"minecraft:arrow":38,"minecraft:diamond_chestplate":1,"minecraft:peony":4,"minecraft:shears":1,"minecraft:diamond_boots":1,"minecraft:hay_block":52,"minecraft:pink_tulip":1,"minecraft:saddle":3,"minecraft:mutton":43,"minecraft:rail":4,"minecraft:white_wool":75,"minecraft:oxeye_daisy":1,"minecraft:stripped_oak_log":1,"minecraft:salmon":12,"minecraft:leather":10,"minecraft:oak_log":183,"minecraft:yellow_bed":2,"minecraft:gunpowder":13,"minecraft:cooked_mutton":18,"minecraft:apple":2,"minecraft:iron_ingot":28,"minecraft:stone_pickaxe":5,"minecraft:cooked_chicken":15,"minecraft:iron_sword":3,"minecraft:oak_slab":23,"minecraft:polished_andesite_stairs":2,"minecraft:smooth_basalt":3,"minecraft:pumpkin":12,"minecraft:red_wool":16,"minecraft:dandelion":19,"minecraft:gravel":27,"minecraft:lava_bucket":2,"minecraft:amethyst_shard":18,"minecraft:white_bed":27,"minecraft:spider_eye":3,"minecraft:diamond_shovel":1,"minecraft:stone_axe":3,"minecraft:iron_helmet":4,"minecraft:cherry_sapling":7,"minecraft:gray_wool":8,"minecraft:baked_potato":1,"minecraft:black_wool":12,"minecraft:coal":444,"minecraft:hopper":6},"minecraft:broken":{"minecraft:diamond_helmet":1,"minecraft:iron_boots":1,"minecraft:iron_leggings":1,"minecraft:stone_pickaxe":2,"minecraft:diamond_boots":1,"minecraft:diamond_shovel":1,"minecraft:iron_sword":1,"minecraft:iron_hoe":1,"minecraft:iron_pickaxe":4,"minecraft:iron_helmet":1},"minecraft:killed":{"minecraft:witch":1,"minecraft:spider":11,"minecraft:skeleton":21,"minecraft:chicken":9,"minecraft:pig":9,"minecraft:zombie_villager":3,"minecraft:salmon":4,"minecraft:creeper":5,"minecraft:sheep":22,"minecraft:pillager":2,"minecraft:zombie":46,"minecraft:cow":12,"minecraft:drowned":1,"minecraft:squid":1,"minecraft:villager":1,"minecraft:enderman":1},"minecraft:custom":{"minecraft:animals_bred":19,"minecraft:interact_with_crafting_table":145,"minecraft:leave_game":20,"minecraft:time_since_death":176514,"minecraft:sprint_one_cm":2617447,"minecraft:damage_blocked_by_shield":1151,"minecraft:drop":373,"minecraft:play_time":1161281,"minecraft:deaths":9,"minecraft:jump":16960,"minecraft:walk_on_water_one_cm":77509,"minecraft:interact_with_furnace":139,"minecraft:sleep_in_bed":69,"minecraft:damage_dealt":21316,"minecraft:crouch_one_cm":251929,"minecraft:inspect_dispenser":5,"minecraft:mob_kills":153,"minecraft:inspect_hopper":5,"minecraft:walk_one_cm":1800992,"minecraft:sneak_time":79176,"minecraft:walk_under_water_one_cm":50382,"minecraft:boat_one_cm":165697,"minecraft:total_world_time":1161281,"minecraft:time_since_rest":66044,"minecraft:damage_taken":11752,"minecraft:trigger_trapped_chest":2,"minecraft:swim_one_cm":62059,"minecraft:fly_one_cm":4105009,"minecraft:open_chest":212,"minecraft:fall_one_cm":427630},"minecraft:dropped":{"minecraft:porkchop":1,"minecraft:ominous_bottle":1,"minecraft:cooked_beef":8,"minecraft:oak_pressure_plate":2,"minecraft:oak_log":26,"minecraft:baked_potato":31,"minecraft:diamond":9,"minecraft:cooked_porkchop":54,"minecraft:leather":10,"minecraft:saddle":1,"minecraft:dirt":27,"minecraft:bone_meal":128,"minecraft:sand":244,"minecraft:iron_pickaxe":5,"minecraft:white_wool":31,"minecraft:bone":9,"minecraft:oak_door":4,"minecraft:stone_axe":2,"minecraft:sugar_cane":18,"minecraft:cooked_chicken":3,"minecraft:rotten_flesh":27,"minecraft:oak_planks":22,"minecraft:cooked_mutton":12,"minecraft:azure_bluet":1,"minecraft:salmon":4,"minecraft:carrot":178,"minecraft:poppy":1,"minecraft:gunpowder":8,"minecraft:arrow":24,"minecraft:beef":4,"minecraft:egg":7,"minecraft:bread":174,"minecraft:oak_slab":17,"minecraft:wheat_seeds":19,"minecraft:mossy_cobblestone":6,"minecraft:diamond_leggings":2,"minecraft:feather":7,"minecraft:oak_fence":15,"minecraft:iron_helmet":5,"minecraft:cobblestone":131,"minecraft:coal":2,"minecraft:stick":16,"minecraft:oxeye_daisy":1,"minecraft:gray_wool":1,"minecraft:ink_sac":1,"minecraft:torch":161,"minecraft:wooden_axe":1,"minecraft:cherry_planks":3,"minecraft:diamond_helmet":1,"minecraft:iron_leggings":4,"minecraft:polished_andesite_stairs":1,"minecraft:pumpkin":10,"minecraft:iron_axe":6,"minecraft:string":17,"minecraft:dandelion":4,"minecraft:smooth_basalt":3,"minecraft:furnace":1,"minecraft:oak_trapdoor":1,"minecraft:raw_copper":46,"minecraft:tuff":10,"minecraft:stone_shovel":1,"minecraft:chicken":2,"minecraft:white_carpet":3,"minecraft:iron_boots":5,"minecraft:name_tag":4,"minecraft:oak_sign":2,"minecraft:potato":2,"minecraft:diamond_chestplate":2,"minecraft:peony":4,"minecraft:iron_chestplate":5,"minecraft:andesite":19,"minecraft:oak_boat":1,"minecraft:oak_sapling":3,"minecraft:spider_eye":2,"minecraft:diamond_boots":1,"minecraft:bow":2,"minecraft:stone_pickaxe":1,"minecraft:wooden_pickaxe":1,"minecraft:raw_gold":8}},"DataVersion":3953}