{"stats":{"minecraft:crafted":{"minecraft:oak_planks":380,"minecraft:oak_sign":3,"minecraft:oak_pressure_plate":8,"minecraft:cooked_chicken":7,"minecraft:stone":5,"minecraft:diamond_shovel":2,"minecraft:cooked_mutton":43,"minecraft:iron_boots":5,"minecraft:chest":8,"minecraft:oak_slab":12,"minecraft:cooked_porkchop":13,"minecraft:crafting_table":5,"minecraft:baked_potato":48,"minecraft:iron_helmet":4,"minecraft:wooden_pickaxe":1,"minecraft:charcoal":5,"minecraft:iron_chestplate":4,"minecraft:diamond_pickaxe":1,"minecraft:shield":1,"minecraft:stick":148,"minecraft:iron_ingot":143,"minecraft:iron_pickaxe":9,"minecraft:shears":1,"minecraft:oak_door":3,"minecraft:furnace":9,"minecraft:yellow_bed":1,"minecraft:white_carpet":6,"minecraft:oak_trapdoor":4,"minecraft:iron_axe":4,"minecraft:iron_hoe":1,"minecraft:stone_pickaxe":2,"minecraft:wheat":468,"minecraft:cooked_beef":9,"minecraft:iron_sword":1,"minecraft:bucket":2,"minecraft:stone_axe":2,"minecraft:bread":156,"minecraft:air":0,"minecraft:oak_boat":3,"minecraft:wooden_axe":1,"minecraft:oak_stairs":32,"minecraft:iron_leggings":4,"minecraft:white_bed":5,"minecraft:torch":296},"minecraft:mined":{"minecraft:white_bed":29,"minecraft:farmland":1,"minecraft:granite":56,"minecraft:budding_amethyst":6,"minecraft:grass_block":1427,"minecraft:pink_stained_glass":2,"minecraft:composter":1,"minecraft:oxeye_daisy":1,"minecraft:spawner":1,"minecraft:smooth_stone":16,"minecraft:iron_ore":70,"minecraft:pumpkin":2,"minecraft:deepslate_lapis_ore":6,"minecraft:azure_bluet":4,"minecraft:red_tulip":3,"minecraft:dirt_path":75,"minecraft:small_amethyst_bud":1,"minecraft:oak_stairs":61,"minecraft:pink_tulip":1,"minecraft:tripwire":1,"minecraft:deepslate_redstone_ore":8,"minecraft:torch":9,"minecraft:poppy":3,"minecraft:calcite":89,"minecraft:chest":1,"minecraft:glass":1,"minecraft:cobblestone":98,"minecraft:oak_planks":86,"minecraft:sugar_cane":8,"minecraft:iron_door":1,"minecraft:wall_torch":20,"minecraft:amethyst_block":31,"minecraft:deepslate_copper_ore":3,"minecraft:yellow_wool":3,"minecraft:wheat":20,"minecraft:lilac":2,"minecraft:oak_log":145,"minecraft:sand":235,"minecraft:dirt":1252,"minecraft:smooth_basalt":3,"minecraft:oak_leaves":14,"minecraft:deepslate":131,"minecraft:tuff":23,"minecraft:mossy_cobblestone":6,"minecraft:deepslate_diamond_ore":15,"minecraft:oak_door":1,"minecraft:hay_block":49,"minecraft:furnace":11,"minecraft:andesite":20,"minecraft:peony":1,"minecraft:potatoes":1,"minecraft:deepslate_iron_ore":13,"minecraft:stripped_oak_log":1,"minecraft:white_tulip":10,"minecraft:stone":1522,"minecraft:white_wool":5,"minecraft:oak_slab":17,"minecraft:glass_pane":3,"minecraft:red_wool":16,"minecraft:dandelion":14,"minecraft:oak_fence":23,"minecraft:crafting_table":21,"minecraft:short_grass":211,"minecraft:tall_grass":20,"minecraft:copper_ore":14,"minecraft:lapis_ore":5,"minecraft:diorite":10,"minecraft:white_carpet":7,"minecraft:birch_leaves":1,"minecraft:yellow_bed":2,"minecraft:black_wool":5,"minecraft:coal_ore":94,"minecraft:gravel":1,"minecraft:cobweb":9},"minecraft:custom":{"minecraft:animals_bred":3,"minecraft:interact_with_crafting_table":138,"minecraft:leave_game":11,"minecraft:time_since_death":415241,"minecraft:sprint_one_cm":2285342,"minecraft:damage_blocked_by_shield":1151,"minecraft:drop":290,"minecraft:play_time":965207,"minecraft:deaths":8,"minecraft:jump":14990,"minecraft:walk_on_water_one_cm":72605,"minecraft:interact_with_furnace":127,"minecraft:sleep_in_bed":60,"minecraft:damage_dealt":17749,"minecraft:crouch_one_cm":180776,"minecraft:mob_kills":128,"minecraft:walk_one_cm":1607255,"minecraft:sneak_time":58448,"minecraft:walk_under_water_one_cm":47745,"minecraft:boat_one_cm":160131,"minecraft:total_world_time":965207,"minecraft:time_since_rest":9441,"minecraft:damage_taken":10555,"minecraft:swim_one_cm":61735,"minecraft:fly_one_cm":3538583,"minecraft:open_chest":126,"minecraft:fall_one_cm":386326},"minecraft:used":{"minecraft:peony":1,"minecraft:poppy":1,"minecraft:oak_sign":4,"minecraft:chest":14,"minecraft:shield":46,"minecraft:stone":59,"minecraft:iron_sword":245,"minecraft:carrot":14,"minecraft:tuff":11,"minecraft:azure_bluet":1,"minecraft:lava_bucket":1,"minecraft:villager_spawn_egg":1,"minecraft:red_wool":120,"minecraft:polished_andesite_stairs":31,"minecraft:hopper_minecart":1,"minecraft:furnace":17,"minecraft:egg":4,"minecraft:potato":80,"minecraft:diorite":8,"minecraft:stone_pickaxe":238,"minecraft:oak_planks":138,"minecraft:wooden_pickaxe":5,"minecraft:composter":1,"minecraft:white_wool":11,"minecraft:golden_apple":1,"minecraft:sand":16,"minecraft:bread":76,"minecraft:string":1,"minecraft:oak_pressure_plate":6,"minecraft:iron_door":1,"minecraft:gravel":1,"minecraft:andesite":1,"minecraft:smooth_stone_slab":4,"minecraft:oak_boat":5,"minecraft:oak_fence":49,"minecraft:oak_trapdoor":2,"minecraft:cooked_chicken":8,"minecraft:oak_door":2,"minecraft:torch":154,"minecraft:dirt":1705,"minecraft:white_carpet":23,"minecraft:hopper":2,"minecraft:salmon_bucket":1,"minecraft:granite":26,"minecraft:iron_hoe":112,"minecraft:wooden_axe":32,"minecraft:red_tulip":10,"minecraft:iron_axe":354,"minecraft:oak_stairs":31,"minecraft:iron_boots":1,"minecraft:beef":2,"minecraft:cooked_beef":1,"minecraft:pumpkin":2,"minecraft:calcite":30,"minecraft:cooked_mutton":49,"minecraft:water_bucket":48,"minecraft:baked_potato":40,"minecraft:rail":1,"minecraft:oak_slab":8,"minecraft:crafting_table":23,"minecraft:red_bed":1,"minecraft:white_bed":35,"minecraft:oak_log":20,"minecraft:diamond_pickaxe":746,"minecraft:black_wool":35,"minecraft:apple":2,"minecraft:diamond_shovel":2890,"minecraft:iron_pickaxe":1336,"minecraft:stone_axe":83,"minecraft:cobblestone":503,"minecraft:cooked_porkchop":37,"minecraft:porkchop":2,"minecraft:bucket":51,"minecraft:yellow_bed":2,"minecraft:smooth_stone":32},"minecraft:broken":{"minecraft:diamond_helmet":1,"minecraft:iron_boots":1,"minecraft:iron_leggings":1,"minecraft:stone_pickaxe":2,"minecraft:diamond_shovel":1,"minecraft:iron_sword":1,"minecraft:iron_pickaxe":4,"minecraft:iron_helmet":1},"minecraft:dropped":{"minecraft:porkchop":1,"minecraft:ominous_bottle":1,"minecraft:oak_pressure_plate":2,"minecraft:cooked_beef":8,"minecraft:oak_log":26,"minecraft:baked_potato":1,"minecraft:diamond":9,"minecraft:cooked_porkchop":54,"minecraft:leather":10,"minecraft:saddle":1,"minecraft:dirt":26,"minecraft:sand":244,"minecraft:iron_pickaxe":5,"minecraft:white_wool":31,"minecraft:bone":9,"minecraft:oak_door":4,"minecraft:stone_axe":2,"minecraft:sugar_cane":18,"minecraft:cooked_chicken":3,"minecraft:rotten_flesh":16,"minecraft:oak_planks":18,"minecraft:cooked_mutton":12,"minecraft:azure_bluet":1,"minecraft:salmon":1,"minecraft:carrot":128,"minecraft:poppy":1,"minecraft:gunpowder":8,"minecraft:arrow":23,"minecraft:beef":4,"minecraft:egg":1,"minecraft:bread":174,"minecraft:oak_slab":12,"minecraft:wheat_seeds":18,"minecraft:mossy_cobblestone":6,"minecraft:diamond_leggings":1,"minecraft:oak_fence":15,"minecraft:iron_helmet":4,"minecraft:feather":7,"minecraft:cobblestone":131,"minecraft:coal":2,"minecraft:stick":16,"minecraft:oxeye_daisy":1,"minecraft:gray_wool":1,"minecraft:ink_sac":1,"minecraft:torch":159,"minecraft:wooden_axe":1,"minecraft:diamond_helmet":1,"minecraft:iron_leggings":3,"minecraft:polished_andesite_stairs":1,"minecraft:pumpkin":10,"minecraft:iron_axe":5,"minecraft:string":13,"minecraft:dandelion":4,"minecraft:smooth_basalt":3,"minecraft:furnace":1,"minecraft:raw_copper":46,"minecraft:tuff":10,"minecraft:stone_shovel":1,"minecraft:chicken":2,"minecraft:white_carpet":1,"minecraft:iron_boots":5,"minecraft:name_tag":4,"minecraft:oak_sign":2,"minecraft:potato":1,"minecraft:diamond_chestplate":1,"minecraft:peony":4,"minecraft:iron_chestplate":4,"minecraft:andesite":19,"minecraft:oak_boat":1,"minecraft:oak_sapling":3,"minecraft:spider_eye":1,"minecraft:diamond_boots":1,"minecraft:bow":2,"minecraft:stone_pickaxe":1,"minecraft:wooden_pickaxe":1,"minecraft:raw_gold":8},"minecraft:killed_by":{"minecraft:creeper":1,"minecraft:player":6},"minecraft:picked_up":{"minecraft:wooden_axe":5,"minecraft:iron_chestplate":4,"minecraft:wheat":6,"minecraft:yellow_wool":3,"minecraft:oak_stairs":61,"minecraft:amethyst_block":103,"minecraft:string":17,"minecraft:raw_copper":129,"minecraft:iron_leggings":2,"minecraft:oak_sign":6,"minecraft:smooth_stone":16,"minecraft:cobbled_deepslate":464,"minecraft:white_tulip":10,"minecraft:calcite":190,"minecraft:iron_pickaxe":5,"minecraft:iron_boots":4,"minecraft:furnace":13,"minecraft:stick":34,"minecraft:composter":1,"minecraft:oak_fence":22,"minecraft:torch":85,"minecraft:porkchop":30,"minecraft:diorite":13,"minecraft:rotten_flesh":70,"minecraft:red_tulip":12,"minecraft:cobblestone":2306,"minecraft:feather":25,"minecraft:iron_door":1,"minecraft:water_bucket":2,"minecraft:andesite":52,"minecraft:flint":2,"minecraft:tuff":61,"minecraft:lapis_lazuli":260,"minecraft:dirt":2934,"minecraft:name_tag":5,"minecraft:bone":14,"minecraft:bow":2,"minecraft:wheat_seeds":108,"minecraft:raw_gold":70,"minecraft:oak_planks":172,"minecraft:cooked_porkchop":51,"minecraft:sand":286,"minecraft:ink_sac":1,"minecraft:grass_block":1,"minecraft:mossy_cobblestone":6,"minecraft:diamond":29,"minecraft:granite":161,"minecraft:golden_apple":1,"minecraft:golden_horse_armor":2,"minecraft:bread":182,"minecraft:oak_sapling":7,"minecraft:crafting_table":30,"minecraft:azure_bluet":5,"minecraft:ominous_bottle":1,"minecraft:chicken":10,"minecraft:wooden_pickaxe":2,"minecraft:shield":2,"minecraft:cornflower":1,"minecraft:iron_axe":4,"minecraft:white_carpet":8,"minecraft:beef":15,"minecraft:oak_boat":6,"minecraft:poppy":10,"minecraft:light_gray_wool":17,"minecraft:sugar_cane":40,"minecraft:chest":1,"minecraft:egg":6,"minecraft:raw_iron":184,"minecraft:stone":24,"minecraft:oak_door":9,"minecraft:carrot":57,"minecraft:redstone":237,"minecraft:arrow":34,"minecraft:stone_shovel":1,"minecraft:peony":4,"minecraft:hay_block":52,"minecraft:pink_tulip":1,"minecraft:saddle":3,"minecraft:mutton":43,"minecraft:white_wool":72,"minecraft:oxeye_daisy":1,"minecraft:stripped_oak_log":1,"minecraft:salmon":4,"minecraft:leather":10,"minecraft:oak_log":183,"minecraft:yellow_bed":2,"minecraft:gunpowder":12,"minecraft:cooked_mutton":18,"minecraft:apple":2,"minecraft:iron_ingot":27,"minecraft:stone_pickaxe":5,"minecraft:cooked_chicken":5,"minecraft:iron_sword":3,"minecraft:oak_slab":17,"minecraft:polished_andesite_stairs":2,"minecraft:smooth_basalt":3,"minecraft:pumpkin":12,"minecraft:red_wool":16,"minecraft:dandelion":19,"minecraft:lava_bucket":2,"minecraft:gravel":27,"minecraft:amethyst_shard":18,"minecraft:white_bed":27,"minecraft:spider_eye":1,"minecraft:stone_axe":3,"minecraft:iron_helmet":4,"minecraft:gray_wool":8,"minecraft:black_wool":10,"minecraft:coal":429},"minecraft:killed":{"minecraft:witch":1,"minecraft:spider":7,"minecraft:skeleton":18,"minecraft:chicken":6,"minecraft:pig":9,"minecraft:zombie_villager":2,"minecraft:salmon":4,"minecraft:creeper":2,"minecraft:sheep":22,"minecraft:pillager":2,"minecraft:zombie":39,"minecraft:cow":12,"minecraft:drowned":1,"minecraft:squid":1,"minecraft:enderman":1}},"DataVersion":3953}