{"stats":{"minecraft:mined":{"minecraft:crying_obsidian":1,"minecraft:deepslate_diamond_ore":7,"minecraft:crafting_table":4,"minecraft:short_grass":11,"minecraft:grass_block":2,"minecraft:tall_grass":4,"minecraft:furnace":2,"minecraft:birch_log":4,"minecraft:iron_ore":45,"minecraft:andesite":7,"minecraft:coal_ore":16,"minecraft:oak_log":3,"minecraft:stone":32,"minecraft:netherrack":3,"minecraft:deepslate":2},"minecraft:killed_by":{"minecraft:skeleton":2},"minecraft:crafted":{"minecraft:oak_planks":12,"minecraft:cooked_porkchop":6,"minecraft:crafting_table":2,"minecraft:wooden_pickaxe":1,"minecraft:iron_helmet":1,"minecraft:furnace":1,"minecraft:birch_planks":16,"minecraft:air":0,"minecraft:iron_boots":1,"minecraft:iron_chestplate":1,"minecraft:diamond_pickaxe":1,"minecraft:shield":1,"minecraft:iron_axe":1,"minecraft:stick":16,"minecraft:iron_ingot":45,"minecraft:iron_pickaxe":1,"minecraft:stone_pickaxe":1,"minecraft:wooden_axe":1,"minecraft:iron_leggings":1},"minecraft:used":{"minecraft:stone_pickaxe":24,"minecraft:wooden_pickaxe":8,"minecraft:shield":47,"minecraft:rotten_flesh":7,"minecraft:crafting_table":6,"minecraft:wooden_axe":33,"minecraft:diamond_pickaxe":9,"minecraft:iron_axe":31,"minecraft:iron_pickaxe":87,"minecraft:cobblestone":25,"minecraft:porkchop":4,"minecraft:furnace":2,"minecraft:cooked_porkchop":6,"minecraft:andesite":7},"minecraft:picked_up":{"minecraft:birch_log":4,"minecraft:crafting_table":4,"minecraft:andesite":13,"minecraft:leather":5,"minecraft:wooden_pickaxe":2,"minecraft:birch_planks":8,"minecraft:oak_log":3,"minecraft:shield":2,"minecraft:dirt":2,"minecraft:string":10,"minecraft:bone":7,"minecraft:cobbled_deepslate":2,"minecraft:iron_ingot":2,"minecraft:beef":9,"minecraft:stone_pickaxe":2,"minecraft:iron_pickaxe":2,"minecraft:iron_boots":2,"minecraft:furnace":2,"minecraft:raw_iron":107,"minecraft:porkchop":16,"minecraft:spider_eye":1,"minecraft:arrow":8,"minecraft:rotten_flesh":11,"minecraft:diamond":7,"minecraft:mutton":10,"minecraft:coal":27,"minecraft:white_wool":7,"minecraft:cobblestone":62},"minecraft:broken":{"minecraft:wooden_axe":1},"minecraft:killed":{"minecraft:pig":4,"minecraft:spider":4,"minecraft:creeper":1,"minecraft:sheep":7,"minecraft:skeleton":4,"minecraft:zombie":7,"minecraft:cow":4},"minecraft:custom":{"minecraft:interact_with_furnace":14,"minecraft:mob_kills":31,"minecraft:interact_with_crafting_table":17,"minecraft:leave_game":1,"minecraft:time_since_death":23163,"minecraft:time_since_rest":23188,"minecraft:sprint_one_cm":119861,"minecraft:damage_taken":1344,"minecraft:walk_one_cm":54392,"minecraft:damage_blocked_by_shield":1401,"minecraft:drop":2,"minecraft:damage_dealt":4318,"minecraft:swim_one_cm":12797,"minecraft:fly_one_cm":205042,"minecraft:open_chest":1,"minecraft:crouch_one_cm":7130,"minecraft:play_time":38322,"minecraft:deaths":2,"minecraft:sneak_time":2303,"minecraft:walk_under_water_one_cm":4097,"minecraft:jump":1012,"minecraft:walk_on_water_one_cm":2619,"minecraft:total_world_time":38322,"minecraft:fall_one_cm":40064},"minecraft:dropped":{"minecraft:spider_eye":1,"minecraft:stone_pickaxe":1}},"DataVersion":3953}